Tên chiến dịch,Tên tài khoản,Ngày,Tên chiến dịch,Đơn vị tiền tệ,Số tiền đã chi tiêu (VND),Phân phối chiến dịch,Ngân sách chiến dịch,Loại ngân sách chiến dịch,Lần bắt đầu cuộc trò chuyện qua tin nhắn,Bình luận về bài viết,CPM,CPC,CTR,Tin nhắn mới,Lượt hiển thị,Bắt đầu báo cáo,Kết thúc báo cáo,Mã Sản phẩm,Tên Sản Phẩm,Giá bán,Tên Bài Chạy,Bài chạy theo ngày,Tỉ lệ bài chạy,Tên Sản phẩm," Tiền đã chạy 
Theo Sản phẩm ","Ngân sách
Theo sản phẩm"," Inbox
Theo AM"," Comments
Theo AM"," Inbox + Comments
Theo AM","CP/KQ
Theo AM","CPM
Theo AM","CPC
Theo AM","CTR
Theo AM","Khách mới
Theo AM","Khách cũ
THeo AM","Lượt hiển thị
Theo AM",SL bán tổng,Tổng CMT trên SP,SL bán được phân bổ theo tỉ lệ,Tổng SL bán theo Campaign,Giá bán trung bình,Giá trị bán trên campaign
raw by camp + by day,raw by camp + by day,raw by camp + by day,raw by camp + by day,raw by camp + by day,raw by camp + by day,raw by camp + by day,raw by camp + by day,raw by camp + by day,raw by camp + by day,raw by camp + by day,raw by camp + by day,raw by camp + by day,raw by camp + by day,raw by camp + by day,raw by camp + by day,raw by camp + by day,raw by camp + by day,raw by camp + by day,raw by camp + by day,raw by camp + by day,raw,Unique ID (syntax = Ngày + Tên camp + day of camp date),= 1/Số lượng sản phẩm trong bài chạy,,= Tổng tiền đã chạy của camp/Tổng số sản phẩm hiển thị trong camp ads,= Tổng budget của camp/Tổng số sản phẩm hiển thị trong camp ads,= Tổng số lượng inbox của camp/Tổng số sản phẩm hiển thị trong camp,Tương tự inbox,= Tổng inbox + comment,= Tiền đã chạy theo sản phẩm/Số lượng inbox chia trên đầu sản phẩm,= CPM của toàn camp/Số lượng sản phẩm chạy trong camp,Tương tự CPM,Tương tự CPM,= Tổng số lượng tin nhắn mới/Số lượng sản phẩm chạy trong camp,= Tổng inbox - Inbox từ khách  mới (cột AI),= Tổng lượt hiển thị của camp/Số lượng inbox chia trên đầu sản phẩm,SL bán của mã sản phẩm trong ngày ghi nhận trên Order management system,,= Tổng SL bán tổng * Tổng CMT trên đầu sản phẩm,,,
TH 25/4 𝐄𝐋𝐄𝐆𝐀𝐍𝐓 𝐀𝐄𝐒𝐓𝐇𝐄𝐓𝐈𝐂𝐒 LAL new - ib - Op -1000k,New Hallure 05,5/1/2024,TH 25/4 𝐄𝐋𝐄𝐆𝐀𝐍𝐓 𝐀𝐄𝐒𝐓𝐇𝐄𝐓𝐈𝐂𝐒 LAL new - ib - Op -1000k,VND,324287,active,500000,Daily,4,,"63,836.02","13,511.96",6.83,1,5080,5/1/2024,5/1/2024,HELSDR001_DT,*Luisa Dress,1550000,TH 25/4 𝐄𝐋𝐄𝐆𝐀𝐍𝐓 𝐀𝐄𝐒𝐓𝐇𝐄𝐓𝐈𝐂𝐒 LAL new,45413TH 25/4 𝐄𝐋𝐄𝐆𝐀𝐍𝐓 𝐀𝐄𝐒𝐓𝐇𝐄𝐓𝐈𝐂𝐒 LAL new - ib - Op -1000k#1,0.07,*Luisa Dress,"23,163","35,714",0.2857142857,0,0.2857142857,"81,072","4,560",965,0.4879077614,0.07142857143,0.2142857143,362.8571429,0,1,0,0,"1,651,429",0.00
TH 25/4 𝐄𝐋𝐄𝐆𝐀𝐍𝐓 𝐀𝐄𝐒𝐓𝐇𝐄𝐓𝐈𝐂𝐒 LAL new - ib - Op -1000k,New Hallure 05,5/1/2024,TH 25/4 𝐄𝐋𝐄𝐆𝐀𝐍𝐓 𝐀𝐄𝐒𝐓𝐇𝐄𝐓𝐈𝐂𝐒 LAL new - ib - Op -1000k,VND,324287,active,500000,Daily,4,,"63,836.02","13,511.96",6.83,1,5080,5/1/2024,5/1/2024,HEMIDR001_LC,**Mimei Dress,1550000,TH 25/4 𝐄𝐋𝐄𝐆𝐀𝐍𝐓 𝐀𝐄𝐒𝐓𝐇𝐄𝐓𝐈𝐂𝐒 LAL new,45413TH 25/4 𝐄𝐋𝐄𝐆𝐀𝐍𝐓 𝐀𝐄𝐒𝐓𝐇𝐄𝐓𝐈𝐂𝐒 LAL new - ib - Op -1000k#1,0.07,**Mimei Dress,"23,163","35,714",0.2857142857,0,0.2857142857,"81,072","4,560",965,0.4879077614,0.07142857143,0.2142857143,362.8571429,0,1,0,0,"1,651,429",0.00
TH 25/4 𝐄𝐋𝐄𝐆𝐀𝐍𝐓 𝐀𝐄𝐒𝐓𝐇𝐄𝐓𝐈𝐂𝐒 LAL new - ib - Op -1000k,New Hallure 05,5/1/2024,TH 25/4 𝐄𝐋𝐄𝐆𝐀𝐍𝐓 𝐀𝐄𝐒𝐓𝐇𝐄𝐓𝐈𝐂𝐒 LAL new - ib - Op -1000k,VND,324287,active,500000,Daily,4,,"63,836.02","13,511.96",6.83,1,5080,5/1/2024,5/1/2024,HEMADR001_CO,*Maica Dress,1450000,TH 25/4 𝐄𝐋𝐄𝐆𝐀𝐍𝐓 𝐀𝐄𝐒𝐓𝐇𝐄𝐓𝐈𝐂𝐒 LAL new,45413TH 25/4 𝐄𝐋𝐄𝐆𝐀𝐍𝐓 𝐀𝐄𝐒𝐓𝐇𝐄𝐓𝐈𝐂𝐒 LAL new - ib - Op -1000k#1,0.07,*Maica Dress,"23,163","35,714",0.2857142857,0,0.2857142857,"81,072","4,560",965,0.4879077614,0.07142857143,0.2142857143,362.8571429,0,1,0,0,"1,651,429",0.00
TH 25/4 𝐄𝐋𝐄𝐆𝐀𝐍𝐓 𝐀𝐄𝐒𝐓𝐇𝐄𝐓𝐈𝐂𝐒 LAL new - ib - Op -1000k,New Hallure 05,5/1/2024,TH 25/4 𝐄𝐋𝐄𝐆𝐀𝐍𝐓 𝐀𝐄𝐒𝐓𝐇𝐄𝐓𝐈𝐂𝐒 LAL new - ib - Op -1000k,VND,324287,active,500000,Daily,4,,"63,836.02","13,511.96",6.83,1,5080,5/1/2024,5/1/2024,HEMADR002_HP,*Mauve Dress 2,1550000,TH 25/4 𝐄𝐋𝐄𝐆𝐀𝐍𝐓 𝐀𝐄𝐒𝐓𝐇𝐄𝐓𝐈𝐂𝐒 LAL new,45413TH 25/4 𝐄𝐋𝐄𝐆𝐀𝐍𝐓 𝐀𝐄𝐒𝐓𝐇𝐄𝐓𝐈𝐂𝐒 LAL new - ib - Op -1000k#1,0.07,*Mauve Dress 2,"23,163","35,714",0.2857142857,0,0.2857142857,"81,072","4,560",965,0.4879077614,0.07142857143,0.2142857143,362.8571429,0,1,0,0,"1,651,429",0.00
TH 25/4 𝐄𝐋𝐄𝐆𝐀𝐍𝐓 𝐀𝐄𝐒𝐓𝐇𝐄𝐓𝐈𝐂𝐒 LAL new - ib - Op -1000k,New Hallure 05,5/1/2024,TH 25/4 𝐄𝐋𝐄𝐆𝐀𝐍𝐓 𝐀𝐄𝐒𝐓𝐇𝐄𝐓𝐈𝐂𝐒 LAL new - ib - Op -1000k,VND,324287,active,500000,Daily,4,,"63,836.02","13,511.96",6.83,1,5080,5/1/2024,5/1/2024,HEBNDR001_DT,*Benny Dress,1600000,TH 25/4 𝐄𝐋𝐄𝐆𝐀𝐍𝐓 𝐀𝐄𝐒𝐓𝐇𝐄𝐓𝐈𝐂𝐒 LAL new,45413TH 25/4 𝐄𝐋𝐄𝐆𝐀𝐍𝐓 𝐀𝐄𝐒𝐓𝐇𝐄𝐓𝐈𝐂𝐒 LAL new - ib - Op -1000k#1,0.07,*Benny Dress,"23,163","35,714",0.2857142857,0,0.2857142857,"81,072","4,560",965,0.4879077614,0.07142857143,0.2142857143,362.8571429,0,1,0,0,"1,651,429",0.00
TH 25/4 𝐄𝐋𝐄𝐆𝐀𝐍𝐓 𝐀𝐄𝐒𝐓𝐇𝐄𝐓𝐈𝐂𝐒 LAL new - ib - Op -1000k,New Hallure 05,5/1/2024,TH 25/4 𝐄𝐋𝐄𝐆𝐀𝐍𝐓 𝐀𝐄𝐒𝐓𝐇𝐄𝐓𝐈𝐂𝐒 LAL new - ib - Op -1000k,VND,324287,active,500000,Daily,4,,"63,836.02","13,511.96",6.83,1,5080,5/1/2024,5/1/2024,HEMIDR004_DE,*Missy Dress 2,1550000,TH 25/4 𝐄𝐋𝐄𝐆𝐀𝐍𝐓 𝐀𝐄𝐒𝐓𝐇𝐄𝐓𝐈𝐂𝐒 LAL new,45413TH 25/4 𝐄𝐋𝐄𝐆𝐀𝐍𝐓 𝐀𝐄𝐒𝐓𝐇𝐄𝐓𝐈𝐂𝐒 LAL new - ib - Op -1000k#1,0.07,*Missy Dress 2,"23,163","35,714",0.2857142857,0,0.2857142857,"81,072","4,560",965,0.4879077614,0.07142857143,0.2142857143,362.8571429,0,1,0,0,"1,651,429",0.00
TH 25/4 𝐄𝐋𝐄𝐆𝐀𝐍𝐓 𝐀𝐄𝐒𝐓𝐇𝐄𝐓𝐈𝐂𝐒 LAL new - ib - Op -1000k,New Hallure 05,5/1/2024,TH 25/4 𝐄𝐋𝐄𝐆𝐀𝐍𝐓 𝐀𝐄𝐒𝐓𝐇𝐄𝐓𝐈𝐂𝐒 LAL new - ib - Op -1000k,VND,324287,active,500000,Daily,4,,"63,836.02","13,511.96",6.83,1,5080,5/1/2024,5/1/2024,HELADR001_HP,**Lana Dress,1570000,TH 25/4 𝐄𝐋𝐄𝐆𝐀𝐍𝐓 𝐀𝐄𝐒𝐓𝐇𝐄𝐓𝐈𝐂𝐒 LAL new,45413TH 25/4 𝐄𝐋𝐄𝐆𝐀𝐍𝐓 𝐀𝐄𝐒𝐓𝐇𝐄𝐓𝐈𝐂𝐒 LAL new - ib - Op -1000k#1,0.07,**Lana Dress,"23,163","35,714",0.2857142857,0,0.2857142857,"81,072","4,560",965,0.4879077614,0.07142857143,0.2142857143,362.8571429,0,1,0,0,"1,651,429",0.00
TH 25/4 𝐄𝐋𝐄𝐆𝐀𝐍𝐓 𝐀𝐄𝐒𝐓𝐇𝐄𝐓𝐈𝐂𝐒 LAL new - ib - Op -1000k,New Hallure 05,5/1/2024,TH 25/4 𝐄𝐋𝐄𝐆𝐀𝐍𝐓 𝐀𝐄𝐒𝐓𝐇𝐄𝐓𝐈𝐂𝐒 LAL new - ib - Op -1000k,VND,324287,active,500000,Daily,4,,"63,836.02","13,511.96",6.83,1,5080,5/1/2024,5/1/2024,HESLDR001_DE,*Shelly Dress,1550000,TH 25/4 𝐄𝐋𝐄𝐆𝐀𝐍𝐓 𝐀𝐄𝐒𝐓𝐇𝐄𝐓𝐈𝐂𝐒 LAL new,45413TH 25/4 𝐄𝐋𝐄𝐆𝐀𝐍𝐓 𝐀𝐄𝐒𝐓𝐇𝐄𝐓𝐈𝐂𝐒 LAL new - ib - Op -1000k#1,0.07,*Shelly Dress,"23,163","35,714",0.2857142857,0,0.2857142857,"81,072","4,560",965,0.4879077614,0.07142857143,0.2142857143,362.8571429,0,1,0,0,"1,651,429",0.00
TH 25/4 𝐄𝐋𝐄𝐆𝐀𝐍𝐓 𝐀𝐄𝐒𝐓𝐇𝐄𝐓𝐈𝐂𝐒 LAL new - ib - Op -1000k,New Hallure 05,5/1/2024,TH 25/4 𝐄𝐋𝐄𝐆𝐀𝐍𝐓 𝐀𝐄𝐒𝐓𝐇𝐄𝐓𝐈𝐂𝐒 LAL new - ib - Op -1000k,VND,324287,active,500000,Daily,4,,"63,836.02","13,511.96",6.83,1,5080,5/1/2024,5/1/2024,HENRSE001_KV,*Nora Set,1800000,TH 25/4 𝐄𝐋𝐄𝐆𝐀𝐍𝐓 𝐀𝐄𝐒𝐓𝐇𝐄𝐓𝐈𝐂𝐒 LAL new,45413TH 25/4 𝐄𝐋𝐄𝐆𝐀𝐍𝐓 𝐀𝐄𝐒𝐓𝐇𝐄𝐓𝐈𝐂𝐒 LAL new - ib - Op -1000k#1,0.07,*Nora Set,"23,163","35,714",0.2857142857,0,0.2857142857,"81,072","4,560",965,0.4879077614,0.07142857143,0.2142857143,362.8571429,0,1,0,0,"1,651,429",0.00
TH 25/4 𝐄𝐋𝐄𝐆𝐀𝐍𝐓 𝐀𝐄𝐒𝐓𝐇𝐄𝐓𝐈𝐂𝐒 LAL new - ib - Op -1000k,New Hallure 05,5/1/2024,TH 25/4 𝐄𝐋𝐄𝐆𝐀𝐍𝐓 𝐀𝐄𝐒𝐓𝐇𝐄𝐓𝐈𝐂𝐒 LAL new - ib - Op -1000k,VND,324287,active,500000,Daily,4,,"63,836.02","13,511.96",6.83,1,5080,5/1/2024,5/1/2024,HEMYSE001_HP,*Miya Set,1750000,TH 25/4 𝐄𝐋𝐄𝐆𝐀𝐍𝐓 𝐀𝐄𝐒𝐓𝐇𝐄𝐓𝐈𝐂𝐒 LAL new,45413TH 25/4 𝐄𝐋𝐄𝐆𝐀𝐍𝐓 𝐀𝐄𝐒𝐓𝐇𝐄𝐓𝐈𝐂𝐒 LAL new - ib - Op -1000k#1,0.07,*Miya Set,"23,163","35,714",0.2857142857,0,0.2857142857,"81,072","4,560",965,0.4879077614,0.07142857143,0.2142857143,362.8571429,0,1,0,0,"1,651,429",0.00
TH 25/4 𝐄𝐋𝐄𝐆𝐀𝐍𝐓 𝐀𝐄𝐒𝐓𝐇𝐄𝐓𝐈𝐂𝐒 LAL new - ib - Op -1000k,New Hallure 05,5/1/2024,TH 25/4 𝐄𝐋𝐄𝐆𝐀𝐍𝐓 𝐀𝐄𝐒𝐓𝐇𝐄𝐓𝐈𝐂𝐒 LAL new - ib - Op -1000k,VND,324287,active,500000,Daily,4,,"63,836.02","13,511.96",6.83,1,5080,5/1/2024,5/1/2024,HETLSE001_DE,*Tully Set,1850000,TH 25/4 𝐄𝐋𝐄𝐆𝐀𝐍𝐓 𝐀𝐄𝐒𝐓𝐇𝐄𝐓𝐈𝐂𝐒 LAL new,45413TH 25/4 𝐄𝐋𝐄𝐆𝐀𝐍𝐓 𝐀𝐄𝐒𝐓𝐇𝐄𝐓𝐈𝐂𝐒 LAL new - ib - Op -1000k#1,0.07,*Tully Set,"23,163","35,714",0.2857142857,0,0.2857142857,"81,072","4,560",965,0.4879077614,0.07142857143,0.2142857143,362.8571429,0,1,0,0,"1,651,429",0.00
TH 25/4 𝐄𝐋𝐄𝐆𝐀𝐍𝐓 𝐀𝐄𝐒𝐓𝐇𝐄𝐓𝐈𝐂𝐒 LAL new - ib - Op -1000k,New Hallure 05,5/1/2024,TH 25/4 𝐄𝐋𝐄𝐆𝐀𝐍𝐓 𝐀𝐄𝐒𝐓𝐇𝐄𝐓𝐈𝐂𝐒 LAL new - ib - Op -1000k,VND,324287,active,500000,Daily,4,,"63,836.02","13,511.96",6.83,1,5080,5/1/2024,5/1/2024,HEAMSE001_HP,*Amity Set,1800000,TH 25/4 𝐄𝐋𝐄𝐆𝐀𝐍𝐓 𝐀𝐄𝐒𝐓𝐇𝐄𝐓𝐈𝐂𝐒 LAL new,45413TH 25/4 𝐄𝐋𝐄𝐆𝐀𝐍𝐓 𝐀𝐄𝐒𝐓𝐇𝐄𝐓𝐈𝐂𝐒 LAL new - ib - Op -1000k#1,0.07,*Amity Set,"23,163","35,714",0.2857142857,0,0.2857142857,"81,072","4,560",965,0.4879077614,0.07142857143,0.2142857143,362.8571429,0,1,0,0,"1,651,429",0.00
TH 25/4 𝐄𝐋𝐄𝐆𝐀𝐍𝐓 𝐀𝐄𝐒𝐓𝐇𝐄𝐓𝐈𝐂𝐒 LAL new - ib - Op -1000k,New Hallure 05,5/1/2024,TH 25/4 𝐄𝐋𝐄𝐆𝐀𝐍𝐓 𝐀𝐄𝐒𝐓𝐇𝐄𝐓𝐈𝐂𝐒 LAL new - ib - Op -1000k,VND,324287,active,500000,Daily,4,,"63,836.02","13,511.96",6.83,1,5080,5/1/2024,5/1/2024,HEMRSE001_VC,*Maryn Set,1750000,TH 25/4 𝐄𝐋𝐄𝐆𝐀𝐍𝐓 𝐀𝐄𝐒𝐓𝐇𝐄𝐓𝐈𝐂𝐒 LAL new,45413TH 25/4 𝐄𝐋𝐄𝐆𝐀𝐍𝐓 𝐀𝐄𝐒𝐓𝐇𝐄𝐓𝐈𝐂𝐒 LAL new - ib - Op -1000k#1,0.07,*Maryn Set,"23,163","35,714",0.2857142857,0,0.2857142857,"81,072","4,560",965,0.4879077614,0.07142857143,0.2142857143,362.8571429,0,1,0,0,"1,651,429",0.00
TH 25/4 𝐄𝐋𝐄𝐆𝐀𝐍𝐓 𝐀𝐄𝐒𝐓𝐇𝐄𝐓𝐈𝐂𝐒 LAL new - ib - Op -1000k,New Hallure 05,5/1/2024,TH 25/4 𝐄𝐋𝐄𝐆𝐀𝐍𝐓 𝐀𝐄𝐒𝐓𝐇𝐄𝐓𝐈𝐂𝐒 LAL new - ib - Op -1000k,VND,324287,active,500000,Daily,4,,"63,836.02","13,511.96",6.83,1,5080,5/1/2024,5/1/2024,HEMSSE005_DO,*Massie Set 5,1800000,TH 25/4 𝐄𝐋𝐄𝐆𝐀𝐍𝐓 𝐀𝐄𝐒𝐓𝐇𝐄𝐓𝐈𝐂𝐒 LAL new,45413TH 25/4 𝐄𝐋𝐄𝐆𝐀𝐍𝐓 𝐀𝐄𝐒𝐓𝐇𝐄𝐓𝐈𝐂𝐒 LAL new - ib - Op -1000k#1,0.07,*Massie Set 5,"23,163","35,714",0.2857142857,0,0.2857142857,"81,072","4,560",965,0.4879077614,0.07142857143,0.2142857143,362.8571429,0,1,0,0,"1,651,429",0.00
TH 25/4 𝐄𝐋𝐄𝐆𝐀𝐍𝐓 𝐀𝐄𝐒𝐓𝐇𝐄𝐓𝐈𝐂𝐒 LAL new - ib - Op -1000k,New Hallure 05,5/2/2024,TH 25/4 𝐄𝐋𝐄𝐆𝐀𝐍𝐓 𝐀𝐄𝐒𝐓𝐇𝐄𝐓𝐈𝐂𝐒 LAL new - ib - Op -1000k,VND,"309,216",active,500000,Daily,7,1,"52,436.15","9,663.00",7.00,6,5897,5/2/2024,5/2/2024,HELSDR001_DT,*Luisa Dress,1550000,TH 25/4 𝐄𝐋𝐄𝐆𝐀𝐍𝐓 𝐀𝐄𝐒𝐓𝐇𝐄𝐓𝐈𝐂𝐒 LAL new,45414TH 25/4 𝐄𝐋𝐄𝐆𝐀𝐍𝐓 𝐀𝐄𝐒𝐓𝐇𝐄𝐓𝐈𝐂𝐒 LAL new - ib - Op -1000k#2,0.07,*Luisa Dress,"22,087","35,714",0.5,0.07142857143,0.5714285714,"38,652","3,745",690,0.5002543664,0.4285714286,0.07142857143,421.2142857,0,1,0,1,"1,651,429",0.00
TH 25/4 𝐄𝐋𝐄𝐆𝐀𝐍𝐓 𝐀𝐄𝐒𝐓𝐇𝐄𝐓𝐈𝐂𝐒 LAL new - ib - Op -1000k,New Hallure 05,5/2/2024,TH 25/4 𝐄𝐋𝐄𝐆𝐀𝐍𝐓 𝐀𝐄𝐒𝐓𝐇𝐄𝐓𝐈𝐂𝐒 LAL new - ib - Op -1000k,VND,"309,216",active,500000,Daily,7,1.00,"52,436.15","9,663.00",7.00,6,5897,5/2/2024,5/2/2024,HEMIDR001_LC,**Mimei Dress,1550000,TH 25/4 𝐄𝐋𝐄𝐆𝐀𝐍𝐓 𝐀𝐄𝐒𝐓𝐇𝐄𝐓𝐈𝐂𝐒 LAL new,45414TH 25/4 𝐄𝐋𝐄𝐆𝐀𝐍𝐓 𝐀𝐄𝐒𝐓𝐇𝐄𝐓𝐈𝐂𝐒 LAL new - ib - Op -1000k#2,0.07,**Mimei Dress,"22,087","35,714",0.5,0.07142857143,0.5714285714,"38,652","3,745",690,0.5002543664,0.4285714286,0.07142857143,421.2142857,1,1,1,1,"1,651,429","1,550,000.00"
TH 25/4 𝐄𝐋𝐄𝐆𝐀𝐍𝐓 𝐀𝐄𝐒𝐓𝐇𝐄𝐓𝐈𝐂𝐒 LAL new - ib - Op -1000k,New Hallure 05,5/2/2024,TH 25/4 𝐄𝐋𝐄𝐆𝐀𝐍𝐓 𝐀𝐄𝐒𝐓𝐇𝐄𝐓𝐈𝐂𝐒 LAL new - ib - Op -1000k,VND,"309,216",active,500000,Daily,7,1.00,"52,436.15","9,663.00",7.00,6,5897,5/2/2024,5/2/2024,HEMADR001_CO,*Maica Dress,1450000,TH 25/4 𝐄𝐋𝐄𝐆𝐀𝐍𝐓 𝐀𝐄𝐒𝐓𝐇𝐄𝐓𝐈𝐂𝐒 LAL new,45414TH 25/4 𝐄𝐋𝐄𝐆𝐀𝐍𝐓 𝐀𝐄𝐒𝐓𝐇𝐄𝐓𝐈𝐂𝐒 LAL new - ib - Op -1000k#2,0.07,*Maica Dress,"22,087","35,714",0.5,0.07142857143,0.5714285714,"38,652","3,745",690,0.5002543664,0.4285714286,0.07142857143,421.2142857,0,1,0,1,"1,651,429",0.00
TH 25/4 𝐄𝐋𝐄𝐆𝐀𝐍𝐓 𝐀𝐄𝐒𝐓𝐇𝐄𝐓𝐈𝐂𝐒 LAL new - ib - Op -1000k,New Hallure 05,5/2/2024,TH 25/4 𝐄𝐋𝐄𝐆𝐀𝐍𝐓 𝐀𝐄𝐒𝐓𝐇𝐄𝐓𝐈𝐂𝐒 LAL new - ib - Op -1000k,VND,"309,216",active,500000,Daily,7,1.00,"52,436.15","9,663.00",7.00,6,5897,5/2/2024,5/2/2024,HEMADR002_HP,*Mauve Dress 2,1550000,TH 25/4 𝐄𝐋𝐄𝐆𝐀𝐍𝐓 𝐀𝐄𝐒𝐓𝐇𝐄𝐓𝐈𝐂𝐒 LAL new,45414TH 25/4 𝐄𝐋𝐄𝐆𝐀𝐍𝐓 𝐀𝐄𝐒𝐓𝐇𝐄𝐓𝐈𝐂𝐒 LAL new - ib - Op -1000k#2,0.07,*Mauve Dress 2,"22,087","35,714",0.5,0.07142857143,0.5714285714,"38,652","3,745",690,0.5002543664,0.4285714286,0.07142857143,421.2142857,0,1,0,1,"1,651,429",0.00
TH 25/4 𝐄𝐋𝐄𝐆𝐀𝐍𝐓 𝐀𝐄𝐒𝐓𝐇𝐄𝐓𝐈𝐂𝐒 LAL new - ib - Op -1000k,New Hallure 05,5/2/2024,TH 25/4 𝐄𝐋𝐄𝐆𝐀𝐍𝐓 𝐀𝐄𝐒𝐓𝐇𝐄𝐓𝐈𝐂𝐒 LAL new - ib - Op -1000k,VND,"309,216",active,500000,Daily,7,1.00,"52,436.15","9,663.00",7.00,6,5897,5/2/2024,5/2/2024,HEBNDR001_DT,*Benny Dress,1600000,TH 25/4 𝐄𝐋𝐄𝐆𝐀𝐍𝐓 𝐀𝐄𝐒𝐓𝐇𝐄𝐓𝐈𝐂𝐒 LAL new,45414TH 25/4 𝐄𝐋𝐄𝐆𝐀𝐍𝐓 𝐀𝐄𝐒𝐓𝐇𝐄𝐓𝐈𝐂𝐒 LAL new - ib - Op -1000k#2,0.07,*Benny Dress,"22,087","35,714",0.5,0.07142857143,0.5714285714,"38,652","3,745",690,0.5002543664,0.4285714286,0.07142857143,421.2142857,0,1,0,1,"1,651,429",0.00
TH 25/4 𝐄𝐋𝐄𝐆𝐀𝐍𝐓 𝐀𝐄𝐒𝐓𝐇𝐄𝐓𝐈𝐂𝐒 LAL new - ib - Op -1000k,New Hallure 05,5/2/2024,TH 25/4 𝐄𝐋𝐄𝐆𝐀𝐍𝐓 𝐀𝐄𝐒𝐓𝐇𝐄𝐓𝐈𝐂𝐒 LAL new - ib - Op -1000k,VND,"309,216",active,500000,Daily,7,1.00,"52,436.15","9,663.00",7.00,6,5897,5/2/2024,5/2/2024,HEMIDR004_DE,*Missy Dress 2,1550000,TH 25/4 𝐄𝐋𝐄𝐆𝐀𝐍𝐓 𝐀𝐄𝐒𝐓𝐇𝐄𝐓𝐈𝐂𝐒 LAL new,45414TH 25/4 𝐄𝐋𝐄𝐆𝐀𝐍𝐓 𝐀𝐄𝐒𝐓𝐇𝐄𝐓𝐈𝐂𝐒 LAL new - ib - Op -1000k#2,0.07,*Missy Dress 2,"22,087","35,714",0.5,0.07142857143,0.5714285714,"38,652","3,745",690,0.5002543664,0.4285714286,0.07142857143,421.2142857,0,1,0,1,"1,651,429",0.00
TH 25/4 𝐄𝐋𝐄𝐆𝐀𝐍𝐓 𝐀𝐄𝐒𝐓𝐇𝐄𝐓𝐈𝐂𝐒 LAL new - ib - Op -1000k,New Hallure 05,5/2/2024,TH 25/4 𝐄𝐋𝐄𝐆𝐀𝐍𝐓 𝐀𝐄𝐒𝐓𝐇𝐄𝐓𝐈𝐂𝐒 LAL new - ib - Op -1000k,VND,"309,216",active,500000,Daily,7,1.00,"52,436.15","9,663.00",7.00,6,5897,5/2/2024,5/2/2024,HELADR001_HP,**Lana Dress,1570000,TH 25/4 𝐄𝐋𝐄𝐆𝐀𝐍𝐓 𝐀𝐄𝐒𝐓𝐇𝐄𝐓𝐈𝐂𝐒 LAL new,45414TH 25/4 𝐄𝐋𝐄𝐆𝐀𝐍𝐓 𝐀𝐄𝐒𝐓𝐇𝐄𝐓𝐈𝐂𝐒 LAL new - ib - Op -1000k#2,0.07,**Lana Dress,"22,087","35,714",0.5,0.07142857143,0.5714285714,"38,652","3,745",690,0.5002543664,0.4285714286,0.07142857143,421.2142857,0,1,0,1,"1,651,429",0.00
TH 25/4 𝐄𝐋𝐄𝐆𝐀𝐍𝐓 𝐀𝐄𝐒𝐓𝐇𝐄𝐓𝐈𝐂𝐒 LAL new - ib - Op -1000k,New Hallure 05,5/2/2024,TH 25/4 𝐄𝐋𝐄𝐆𝐀𝐍𝐓 𝐀𝐄𝐒𝐓𝐇𝐄𝐓𝐈𝐂𝐒 LAL new - ib - Op -1000k,VND,"309,216",active,500000,Daily,7,1.00,"52,436.15","9,663.00",7.00,6,5897,5/2/2024,5/2/2024,HESLDR001_DE,*Shelly Dress,1550000,TH 25/4 𝐄𝐋𝐄𝐆𝐀𝐍𝐓 𝐀𝐄𝐒𝐓𝐇𝐄𝐓𝐈𝐂𝐒 LAL new,45414TH 25/4 𝐄𝐋𝐄𝐆𝐀𝐍𝐓 𝐀𝐄𝐒𝐓𝐇𝐄𝐓𝐈𝐂𝐒 LAL new - ib - Op -1000k#2,0.07,*Shelly Dress,"22,087","35,714",0.5,0.07142857143,0.5714285714,"38,652","3,745",690,0.5002543664,0.4285714286,0.07142857143,421.2142857,0,1,0,1,"1,651,429",0.00
TH 25/4 𝐄𝐋𝐄𝐆𝐀𝐍𝐓 𝐀𝐄𝐒𝐓𝐇𝐄𝐓𝐈𝐂𝐒 LAL new - ib - Op -1000k,New Hallure 05,5/2/2024,TH 25/4 𝐄𝐋𝐄𝐆𝐀𝐍𝐓 𝐀𝐄𝐒𝐓𝐇𝐄𝐓𝐈𝐂𝐒 LAL new - ib - Op -1000k,VND,"309,216",active,500000,Daily,7,1.00,"52,436.15","9,663.00",7.00,6,5897,5/2/2024,5/2/2024,HENRSE001_KV,*Nora Set,1800000,TH 25/4 𝐄𝐋𝐄𝐆𝐀𝐍𝐓 𝐀𝐄𝐒𝐓𝐇𝐄𝐓𝐈𝐂𝐒 LAL new,45414TH 25/4 𝐄𝐋𝐄𝐆𝐀𝐍𝐓 𝐀𝐄𝐒𝐓𝐇𝐄𝐓𝐈𝐂𝐒 LAL new - ib - Op -1000k#2,0.07,*Nora Set,"22,087","35,714",0.5,0.07142857143,0.5714285714,"38,652","3,745",690,0.5002543664,0.4285714286,0.07142857143,421.2142857,0,1,0,1,"1,651,429",0.00
TH 25/4 𝐄𝐋𝐄𝐆𝐀𝐍𝐓 𝐀𝐄𝐒𝐓𝐇𝐄𝐓𝐈𝐂𝐒 LAL new - ib - Op -1000k,New Hallure 05,5/2/2024,TH 25/4 𝐄𝐋𝐄𝐆𝐀𝐍𝐓 𝐀𝐄𝐒𝐓𝐇𝐄𝐓𝐈𝐂𝐒 LAL new - ib - Op -1000k,VND,"309,216",active,500000,Daily,7,1.00,"52,436.15","9,663.00",7.00,6,5897,5/2/2024,5/2/2024,HEMYSE001_HP,*Miya Set,1750000,TH 25/4 𝐄𝐋𝐄𝐆𝐀𝐍𝐓 𝐀𝐄𝐒𝐓𝐇𝐄𝐓𝐈𝐂𝐒 LAL new,45414TH 25/4 𝐄𝐋𝐄𝐆𝐀𝐍𝐓 𝐀𝐄𝐒𝐓𝐇𝐄𝐓𝐈𝐂𝐒 LAL new - ib - Op -1000k#2,0.07,*Miya Set,"22,087","35,714",0.5,0.07142857143,0.5714285714,"38,652","3,745",690,0.5002543664,0.4285714286,0.07142857143,421.2142857,0,1,0,1,"1,651,429",0.00
TH 25/4 𝐄𝐋𝐄𝐆𝐀𝐍𝐓 𝐀𝐄𝐒𝐓𝐇𝐄𝐓𝐈𝐂𝐒 LAL new - ib - Op -1000k,New Hallure 05,5/2/2024,TH 25/4 𝐄𝐋𝐄𝐆𝐀𝐍𝐓 𝐀𝐄𝐒𝐓𝐇𝐄𝐓𝐈𝐂𝐒 LAL new - ib - Op -1000k,VND,"309,216",active,500000,Daily,7,1.00,"52,436.15","9,663.00",7.00,6,5897,5/2/2024,5/2/2024,HETLSE001_DE,*Tully Set,1850000,TH 25/4 𝐄𝐋𝐄𝐆𝐀𝐍𝐓 𝐀𝐄𝐒𝐓𝐇𝐄𝐓𝐈𝐂𝐒 LAL new,45414TH 25/4 𝐄𝐋𝐄𝐆𝐀𝐍𝐓 𝐀𝐄𝐒𝐓𝐇𝐄𝐓𝐈𝐂𝐒 LAL new - ib - Op -1000k#2,0.07,*Tully Set,"22,087","35,714",0.5,0.07142857143,0.5714285714,"38,652","3,745",690,0.5002543664,0.4285714286,0.07142857143,421.2142857,0,1,0,1,"1,651,429",0.00
TH 25/4 𝐄𝐋𝐄𝐆𝐀𝐍𝐓 𝐀𝐄𝐒𝐓𝐇𝐄𝐓𝐈𝐂𝐒 LAL new - ib - Op -1000k,New Hallure 05,5/2/2024,TH 25/4 𝐄𝐋𝐄𝐆𝐀𝐍𝐓 𝐀𝐄𝐒𝐓𝐇𝐄𝐓𝐈𝐂𝐒 LAL new - ib - Op -1000k,VND,"309,216",active,500000,Daily,7,1.00,"52,436.15","9,663.00",7.00,6,5897,5/2/2024,5/2/2024,HEAMSE001_HP,*Amity Set,1800000,TH 25/4 𝐄𝐋𝐄𝐆𝐀𝐍𝐓 𝐀𝐄𝐒𝐓𝐇𝐄𝐓𝐈𝐂𝐒 LAL new,45414TH 25/4 𝐄𝐋𝐄𝐆𝐀𝐍𝐓 𝐀𝐄𝐒𝐓𝐇𝐄𝐓𝐈𝐂𝐒 LAL new - ib - Op -1000k#2,0.07,*Amity Set,"22,087","35,714",0.5,0.07142857143,0.5714285714,"38,652","3,745",690,0.5002543664,0.4285714286,0.07142857143,421.2142857,0,1,0,1,"1,651,429",0.00
TH 25/4 𝐄𝐋𝐄𝐆𝐀𝐍𝐓 𝐀𝐄𝐒𝐓𝐇𝐄𝐓𝐈𝐂𝐒 LAL new - ib - Op -1000k,New Hallure 05,5/2/2024,TH 25/4 𝐄𝐋𝐄𝐆𝐀𝐍𝐓 𝐀𝐄𝐒𝐓𝐇𝐄𝐓𝐈𝐂𝐒 LAL new - ib - Op -1000k,VND,"309,216",active,500000,Daily,7,1.00,"52,436.15","9,663.00",7.00,6,5897,5/2/2024,5/2/2024,HEMRSE001_VC,*Maryn Set,1750000,TH 25/4 𝐄𝐋𝐄𝐆𝐀𝐍𝐓 𝐀𝐄𝐒𝐓𝐇𝐄𝐓𝐈𝐂𝐒 LAL new,45414TH 25/4 𝐄𝐋𝐄𝐆𝐀𝐍𝐓 𝐀𝐄𝐒𝐓𝐇𝐄𝐓𝐈𝐂𝐒 LAL new - ib - Op -1000k#2,0.07,*Maryn Set,"22,087","35,714",0.5,0.07142857143,0.5714285714,"38,652","3,745",690,0.5002543664,0.4285714286,0.07142857143,421.2142857,0,1,0,1,"1,651,429",0.00
TH 25/4 𝐄𝐋𝐄𝐆𝐀𝐍𝐓 𝐀𝐄𝐒𝐓𝐇𝐄𝐓𝐈𝐂𝐒 LAL new - ib - Op -1000k,New Hallure 05,5/2/2024,TH 25/4 𝐄𝐋𝐄𝐆𝐀𝐍𝐓 𝐀𝐄𝐒𝐓𝐇𝐄𝐓𝐈𝐂𝐒 LAL new - ib - Op -1000k,VND,"309,216",active,500000,Daily,7,1.00,"52,436.15","9,663.00",7.00,6,5897,5/2/2024,5/2/2024,HEMSSE005_DO,*Massie Set 5,1800000,TH 25/4 𝐄𝐋𝐄𝐆𝐀𝐍𝐓 𝐀𝐄𝐒𝐓𝐇𝐄𝐓𝐈𝐂𝐒 LAL new,45414TH 25/4 𝐄𝐋𝐄𝐆𝐀𝐍𝐓 𝐀𝐄𝐒𝐓𝐇𝐄𝐓𝐈𝐂𝐒 LAL new - ib - Op -1000k#2,0.07,*Massie Set 5,"22,087","35,714",0.5,0.07142857143,0.5714285714,"38,652","3,745",690,0.5002543664,0.4285714286,0.07142857143,421.2142857,0,1,0,1,"1,651,429",0.00
TH 25/4 𝐄𝐋𝐄𝐆𝐀𝐍𝐓 𝐀𝐄𝐒𝐓𝐇𝐄𝐓𝐈𝐂𝐒 LAL new - ib - Op -1000k,New Hallure 05,5/3/2024,TH 25/4 𝐄𝐋𝐄𝐆𝐀𝐍𝐓 𝐀𝐄𝐒𝐓𝐇𝐄𝐓𝐈𝐂𝐒 LAL new - ib - Op -1000k,VND,291108,active,500000,Daily,11,1.00,"57,713.72","9,390.58",7.91,4,5044,5/3/2024,5/3/2024,HELSDR001_DT,*Luisa Dress,1550000,TH 25/4 𝐄𝐋𝐄𝐆𝐀𝐍𝐓 𝐀𝐄𝐒𝐓𝐇𝐄𝐓𝐈𝐂𝐒 LAL new,45415TH 25/4 𝐄𝐋𝐄𝐆𝐀𝐍𝐓 𝐀𝐄𝐒𝐓𝐇𝐄𝐓𝐈𝐂𝐒 LAL new - ib - Op -1000k#3,0.07,*Luisa Dress,"20,793","35,714",0.7857142857,0.07142857143,0.8571428571,"24,259","4,122",671,0.5650277557,0.2857142857,0.5,360.2857143,0,1,0,1,"1,651,429",0.00
TH 25/4 𝐄𝐋𝐄𝐆𝐀𝐍𝐓 𝐀𝐄𝐒𝐓𝐇𝐄𝐓𝐈𝐂𝐒 LAL new - ib - Op -1000k,New Hallure 05,5/3/2024,TH 25/4 𝐄𝐋𝐄𝐆𝐀𝐍𝐓 𝐀𝐄𝐒𝐓𝐇𝐄𝐓𝐈𝐂𝐒 LAL new - ib - Op -1000k,VND,291108,active,500000,Daily,11,1.00,"57,713.72","9,390.58",7.91,4,5044,5/3/2024,5/3/2024,HEMIDR001_LC,**Mimei Dress,1550000,TH 25/4 𝐄𝐋𝐄𝐆𝐀𝐍𝐓 𝐀𝐄𝐒𝐓𝐇𝐄𝐓𝐈𝐂𝐒 LAL new,45415TH 25/4 𝐄𝐋𝐄𝐆𝐀𝐍𝐓 𝐀𝐄𝐒𝐓𝐇𝐄𝐓𝐈𝐂𝐒 LAL new - ib - Op -1000k#3,0.07,**Mimei Dress,"20,793","35,714",0.7857142857,0.07142857143,0.8571428571,"24,259","4,122",671,0.5650277557,0.2857142857,0.5,360.2857143,0,1,0,1,"1,651,429",0.00
TH 25/4 𝐄𝐋𝐄𝐆𝐀𝐍𝐓 𝐀𝐄𝐒𝐓𝐇𝐄𝐓𝐈𝐂𝐒 LAL new - ib - Op -1000k,New Hallure 05,5/3/2024,TH 25/4 𝐄𝐋𝐄𝐆𝐀𝐍𝐓 𝐀𝐄𝐒𝐓𝐇𝐄𝐓𝐈𝐂𝐒 LAL new - ib - Op -1000k,VND,291108,active,500000,Daily,11,1.00,"57,713.72","9,390.58",7.91,4,5044,5/3/2024,5/3/2024,HEMADR001_CO,*Maica Dress,1450000,TH 25/4 𝐄𝐋𝐄𝐆𝐀𝐍𝐓 𝐀𝐄𝐒𝐓𝐇𝐄𝐓𝐈𝐂𝐒 LAL new,45415TH 25/4 𝐄𝐋𝐄𝐆𝐀𝐍𝐓 𝐀𝐄𝐒𝐓𝐇𝐄𝐓𝐈𝐂𝐒 LAL new - ib - Op -1000k#3,0.07,*Maica Dress,"20,793","35,714",0.7857142857,0.07142857143,0.8571428571,"24,259","4,122",671,0.5650277557,0.2857142857,0.5,360.2857143,0,1,0,1,"1,651,429",0.00
TH 25/4 𝐄𝐋𝐄𝐆𝐀𝐍𝐓 𝐀𝐄𝐒𝐓𝐇𝐄𝐓𝐈𝐂𝐒 LAL new - ib - Op -1000k,New Hallure 05,5/3/2024,TH 25/4 𝐄𝐋𝐄𝐆𝐀𝐍𝐓 𝐀𝐄𝐒𝐓𝐇𝐄𝐓𝐈𝐂𝐒 LAL new - ib - Op -1000k,VND,291108,active,500000,Daily,11,1.00,"57,713.72","9,390.58",7.91,4,5044,5/3/2024,5/3/2024,HEMADR002_HP,*Mauve Dress 2,1550000,TH 25/4 𝐄𝐋𝐄𝐆𝐀𝐍𝐓 𝐀𝐄𝐒𝐓𝐇𝐄𝐓𝐈𝐂𝐒 LAL new,45415TH 25/4 𝐄𝐋𝐄𝐆𝐀𝐍𝐓 𝐀𝐄𝐒𝐓𝐇𝐄𝐓𝐈𝐂𝐒 LAL new - ib - Op -1000k#3,0.07,*Mauve Dress 2,"20,793","35,714",0.7857142857,0.07142857143,0.8571428571,"24,259","4,122",671,0.5650277557,0.2857142857,0.5,360.2857143,0,1,0,1,"1,651,429",0.00
TH 25/4 𝐄𝐋𝐄𝐆𝐀𝐍𝐓 𝐀𝐄𝐒𝐓𝐇𝐄𝐓𝐈𝐂𝐒 LAL new - ib - Op -1000k,New Hallure 05,5/3/2024,TH 25/4 𝐄𝐋𝐄𝐆𝐀𝐍𝐓 𝐀𝐄𝐒𝐓𝐇𝐄𝐓𝐈𝐂𝐒 LAL new - ib - Op -1000k,VND,291108,active,500000,Daily,11,1.00,"57,713.72","9,390.58",7.91,4,5044,5/3/2024,5/3/2024,HEBNDR001_DT,*Benny Dress,1600000,TH 25/4 𝐄𝐋𝐄𝐆𝐀𝐍𝐓 𝐀𝐄𝐒𝐓𝐇𝐄𝐓𝐈𝐂𝐒 LAL new,45415TH 25/4 𝐄𝐋𝐄𝐆𝐀𝐍𝐓 𝐀𝐄𝐒𝐓𝐇𝐄𝐓𝐈𝐂𝐒 LAL new - ib - Op -1000k#3,0.07,*Benny Dress,"20,793","35,714",0.7857142857,0.07142857143,0.8571428571,"24,259","4,122",671,0.5650277557,0.2857142857,0.5,360.2857143,0,1,0,1,"1,651,429",0.00
TH 25/4 𝐄𝐋𝐄𝐆𝐀𝐍𝐓 𝐀𝐄𝐒𝐓𝐇𝐄𝐓𝐈𝐂𝐒 LAL new - ib - Op -1000k,New Hallure 05,5/3/2024,TH 25/4 𝐄𝐋𝐄𝐆𝐀𝐍𝐓 𝐀𝐄𝐒𝐓𝐇𝐄𝐓𝐈𝐂𝐒 LAL new - ib - Op -1000k,VND,291108,active,500000,Daily,11,1.00,"57,713.72","9,390.58",7.91,4,5044,5/3/2024,5/3/2024,HEMIDR004_DE,*Missy Dress 2,1550000,TH 25/4 𝐄𝐋𝐄𝐆𝐀𝐍𝐓 𝐀𝐄𝐒𝐓𝐇𝐄𝐓𝐈𝐂𝐒 LAL new,45415TH 25/4 𝐄𝐋𝐄𝐆𝐀𝐍𝐓 𝐀𝐄𝐒𝐓𝐇𝐄𝐓𝐈𝐂𝐒 LAL new - ib - Op -1000k#3,0.07,*Missy Dress 2,"20,793","35,714",0.7857142857,0.07142857143,0.8571428571,"24,259","4,122",671,0.5650277557,0.2857142857,0.5,360.2857143,0,1,0,1,"1,651,429",0.00
TH 25/4 𝐄𝐋𝐄𝐆𝐀𝐍𝐓 𝐀𝐄𝐒𝐓𝐇𝐄𝐓𝐈𝐂𝐒 LAL new - ib - Op -1000k,New Hallure 05,5/3/2024,TH 25/4 𝐄𝐋𝐄𝐆𝐀𝐍𝐓 𝐀𝐄𝐒𝐓𝐇𝐄𝐓𝐈𝐂𝐒 LAL new - ib - Op -1000k,VND,291108,active,500000,Daily,11,1.00,"57,713.72","9,390.58",7.91,4,5044,5/3/2024,5/3/2024,HELADR001_HP,**Lana Dress,1570000,TH 25/4 𝐄𝐋𝐄𝐆𝐀𝐍𝐓 𝐀𝐄𝐒𝐓𝐇𝐄𝐓𝐈𝐂𝐒 LAL new,45415TH 25/4 𝐄𝐋𝐄𝐆𝐀𝐍𝐓 𝐀𝐄𝐒𝐓𝐇𝐄𝐓𝐈𝐂𝐒 LAL new - ib - Op -1000k#3,0.07,**Lana Dress,"20,793","35,714",0.7857142857,0.07142857143,0.8571428571,"24,259","4,122",671,0.5650277557,0.2857142857,0.5,360.2857143,0,1,0,1,"1,651,429",0.00
TH 25/4 𝐄𝐋𝐄𝐆𝐀𝐍𝐓 𝐀𝐄𝐒𝐓𝐇𝐄𝐓𝐈𝐂𝐒 LAL new - ib - Op -1000k,New Hallure 05,5/3/2024,TH 25/4 𝐄𝐋𝐄𝐆𝐀𝐍𝐓 𝐀𝐄𝐒𝐓𝐇𝐄𝐓𝐈𝐂𝐒 LAL new - ib - Op -1000k,VND,291108,active,500000,Daily,11,1.00,"57,713.72","9,390.58",7.91,4,5044,5/3/2024,5/3/2024,HESLDR001_DE,*Shelly Dress,1550000,TH 25/4 𝐄𝐋𝐄𝐆𝐀𝐍𝐓 𝐀𝐄𝐒𝐓𝐇𝐄𝐓𝐈𝐂𝐒 LAL new,45415TH 25/4 𝐄𝐋𝐄𝐆𝐀𝐍𝐓 𝐀𝐄𝐒𝐓𝐇𝐄𝐓𝐈𝐂𝐒 LAL new - ib - Op -1000k#3,0.07,*Shelly Dress,"20,793","35,714",0.7857142857,0.07142857143,0.8571428571,"24,259","4,122",671,0.5650277557,0.2857142857,0.5,360.2857143,0,1,0,1,"1,651,429",0.00
TH 25/4 𝐄𝐋𝐄𝐆𝐀𝐍𝐓 𝐀𝐄𝐒𝐓𝐇𝐄𝐓𝐈𝐂𝐒 LAL new - ib - Op -1000k,New Hallure 05,5/3/2024,TH 25/4 𝐄𝐋𝐄𝐆𝐀𝐍𝐓 𝐀𝐄𝐒𝐓𝐇𝐄𝐓𝐈𝐂𝐒 LAL new - ib - Op -1000k,VND,291108,active,500000,Daily,11,1.00,"57,713.72","9,390.58",7.91,4,5044,5/3/2024,5/3/2024,HENRSE001_KV,*Nora Set,1800000,TH 25/4 𝐄𝐋𝐄𝐆𝐀𝐍𝐓 𝐀𝐄𝐒𝐓𝐇𝐄𝐓𝐈𝐂𝐒 LAL new,45415TH 25/4 𝐄𝐋𝐄𝐆𝐀𝐍𝐓 𝐀𝐄𝐒𝐓𝐇𝐄𝐓𝐈𝐂𝐒 LAL new - ib - Op -1000k#3,0.07,*Nora Set,"20,793","35,714",0.7857142857,0.07142857143,0.8571428571,"24,259","4,122",671,0.5650277557,0.2857142857,0.5,360.2857143,0,1,0,1,"1,651,429",0.00
TH 25/4 𝐄𝐋𝐄𝐆𝐀𝐍𝐓 𝐀𝐄𝐒𝐓𝐇𝐄𝐓𝐈𝐂𝐒 LAL new - ib - Op -1000k,New Hallure 05,5/3/2024,TH 25/4 𝐄𝐋𝐄𝐆𝐀𝐍𝐓 𝐀𝐄𝐒𝐓𝐇𝐄𝐓𝐈𝐂𝐒 LAL new - ib - Op -1000k,VND,291108,active,500000,Daily,11,1.00,"57,713.72","9,390.58",7.91,4,5044,5/3/2024,5/3/2024,HEMYSE001_HP,*Miya Set,1750000,TH 25/4 𝐄𝐋𝐄𝐆𝐀𝐍𝐓 𝐀𝐄𝐒𝐓𝐇𝐄𝐓𝐈𝐂𝐒 LAL new,45415TH 25/4 𝐄𝐋𝐄𝐆𝐀𝐍𝐓 𝐀𝐄𝐒𝐓𝐇𝐄𝐓𝐈𝐂𝐒 LAL new - ib - Op -1000k#3,0.07,*Miya Set,"20,793","35,714",0.7857142857,0.07142857143,0.8571428571,"24,259","4,122",671,0.5650277557,0.2857142857,0.5,360.2857143,0,1,0,1,"1,651,429",0.00
TH 25/4 𝐄𝐋𝐄𝐆𝐀𝐍𝐓 𝐀𝐄𝐒𝐓𝐇𝐄𝐓𝐈𝐂𝐒 LAL new - ib - Op -1000k,New Hallure 05,5/3/2024,TH 25/4 𝐄𝐋𝐄𝐆𝐀𝐍𝐓 𝐀𝐄𝐒𝐓𝐇𝐄𝐓𝐈𝐂𝐒 LAL new - ib - Op -1000k,VND,291108,active,500000,Daily,11,1.00,"57,713.72","9,390.58",7.91,4,5044,5/3/2024,5/3/2024,HETLSE001_DE,*Tully Set,1850000,TH 25/4 𝐄𝐋𝐄𝐆𝐀𝐍𝐓 𝐀𝐄𝐒𝐓𝐇𝐄𝐓𝐈𝐂𝐒 LAL new,45415TH 25/4 𝐄𝐋𝐄𝐆𝐀𝐍𝐓 𝐀𝐄𝐒𝐓𝐇𝐄𝐓𝐈𝐂𝐒 LAL new - ib - Op -1000k#3,0.07,*Tully Set,"20,793","35,714",0.7857142857,0.07142857143,0.8571428571,"24,259","4,122",671,0.5650277557,0.2857142857,0.5,360.2857143,0,1,0,1,"1,651,429",0.00
TH 25/4 𝐄𝐋𝐄𝐆𝐀𝐍𝐓 𝐀𝐄𝐒𝐓𝐇𝐄𝐓𝐈𝐂𝐒 LAL new - ib - Op -1000k,New Hallure 05,5/3/2024,TH 25/4 𝐄𝐋𝐄𝐆𝐀𝐍𝐓 𝐀𝐄𝐒𝐓𝐇𝐄𝐓𝐈𝐂𝐒 LAL new - ib - Op -1000k,VND,291108,active,500000,Daily,11,1.00,"57,713.72","9,390.58",7.91,4,5044,5/3/2024,5/3/2024,HEAMSE001_HP,*Amity Set,1800000,TH 25/4 𝐄𝐋𝐄𝐆𝐀𝐍𝐓 𝐀𝐄𝐒𝐓𝐇𝐄𝐓𝐈𝐂𝐒 LAL new,45415TH 25/4 𝐄𝐋𝐄𝐆𝐀𝐍𝐓 𝐀𝐄𝐒𝐓𝐇𝐄𝐓𝐈𝐂𝐒 LAL new - ib - Op -1000k#3,0.07,*Amity Set,"20,793","35,714",0.7857142857,0.07142857143,0.8571428571,"24,259","4,122",671,0.5650277557,0.2857142857,0.5,360.2857143,0,1,0,1,"1,651,429",0.00
TH 25/4 𝐄𝐋𝐄𝐆𝐀𝐍𝐓 𝐀𝐄𝐒𝐓𝐇𝐄𝐓𝐈𝐂𝐒 LAL new - ib - Op -1000k,New Hallure 05,5/3/2024,TH 25/4 𝐄𝐋𝐄𝐆𝐀𝐍𝐓 𝐀𝐄𝐒𝐓𝐇𝐄𝐓𝐈𝐂𝐒 LAL new - ib - Op -1000k,VND,291108,active,500000,Daily,11,1.00,"57,713.72","9,390.58",7.91,4,5044,5/3/2024,5/3/2024,HEMRSE001_VC,*Maryn Set,1750000,TH 25/4 𝐄𝐋𝐄𝐆𝐀𝐍𝐓 𝐀𝐄𝐒𝐓𝐇𝐄𝐓𝐈𝐂𝐒 LAL new,45415TH 25/4 𝐄𝐋𝐄𝐆𝐀𝐍𝐓 𝐀𝐄𝐒𝐓𝐇𝐄𝐓𝐈𝐂𝐒 LAL new - ib - Op -1000k#3,0.07,*Maryn Set,"20,793","35,714",0.7857142857,0.07142857143,0.8571428571,"24,259","4,122",671,0.5650277557,0.2857142857,0.5,360.2857143,0,1,0,1,"1,651,429",0.00
TH 25/4 𝐄𝐋𝐄𝐆𝐀𝐍𝐓 𝐀𝐄𝐒𝐓𝐇𝐄𝐓𝐈𝐂𝐒 LAL new - ib - Op -1000k,New Hallure 05,5/3/2024,TH 25/4 𝐄𝐋𝐄𝐆𝐀𝐍𝐓 𝐀𝐄𝐒𝐓𝐇𝐄𝐓𝐈𝐂𝐒 LAL new - ib - Op -1000k,VND,291108,active,500000,Daily,11,1.00,"57,713.72","9,390.58",7.91,4,5044,5/3/2024,5/3/2024,HEMSSE005_DO,*Massie Set 5,1800000,TH 25/4 𝐄𝐋𝐄𝐆𝐀𝐍𝐓 𝐀𝐄𝐒𝐓𝐇𝐄𝐓𝐈𝐂𝐒 LAL new,45415TH 25/4 𝐄𝐋𝐄𝐆𝐀𝐍𝐓 𝐀𝐄𝐒𝐓𝐇𝐄𝐓𝐈𝐂𝐒 LAL new - ib - Op -1000k#3,0.07,*Massie Set 5,"20,793","35,714",0.7857142857,0.07142857143,0.8571428571,"24,259","4,122",671,0.5650277557,0.2857142857,0.5,360.2857143,1,1,1,1,"1,651,429","1,800,000.00"
TH 25/4 𝐄𝐋𝐄𝐆𝐀𝐍𝐓 𝐀𝐄𝐒𝐓𝐇𝐄𝐓𝐈𝐂𝐒 LAL new - ib - Op -1000k,New Hallure 05,5/4/2024,TH 25/4 𝐄𝐋𝐄𝐆𝐀𝐍𝐓 𝐀𝐄𝐒𝐓𝐇𝐄𝐓𝐈𝐂𝐒 LAL new - ib - Op -1000k,VND,11229,inactive,500000,Daily,,,"43,523.26",,5.81,,258,5/4/2024,5/4/2024,HELSDR001_DT,*Luisa Dress,1550000,TH 25/4 𝐄𝐋𝐄𝐆𝐀𝐍𝐓 𝐀𝐄𝐒𝐓𝐇𝐄𝐓𝐈𝐂𝐒 LAL new,45416TH 25/4 𝐄𝐋𝐄𝐆𝐀𝐍𝐓 𝐀𝐄𝐒𝐓𝐇𝐄𝐓𝐈𝐂𝐒 LAL new - ib - Op -1000k#4,0.07,*Luisa Dress,802,"35,714",0,0,0,,"3,109",0,0.4152823921,0,0,18.42857143,1,0,0,0,"1,651,429",0.00
TH 25/4 𝐄𝐋𝐄𝐆𝐀𝐍𝐓 𝐀𝐄𝐒𝐓𝐇𝐄𝐓𝐈𝐂𝐒 LAL new - ib - Op -1000k,New Hallure 05,5/4/2024,TH 25/4 𝐄𝐋𝐄𝐆𝐀𝐍𝐓 𝐀𝐄𝐒𝐓𝐇𝐄𝐓𝐈𝐂𝐒 LAL new - ib - Op -1000k,VND,11229,inactive,500000,Daily,,,"43,523.26",,5.81,,258,5/4/2024,5/4/2024,HEMIDR001_LC,**Mimei Dress,1550000,TH 25/4 𝐄𝐋𝐄𝐆𝐀𝐍𝐓 𝐀𝐄𝐒𝐓𝐇𝐄𝐓𝐈𝐂𝐒 LAL new,45416TH 25/4 𝐄𝐋𝐄𝐆𝐀𝐍𝐓 𝐀𝐄𝐒𝐓𝐇𝐄𝐓𝐈𝐂𝐒 LAL new - ib - Op -1000k#4,0.07,**Mimei Dress,802,"35,714",0,0,0,,"3,109",0,0.4152823921,0,0,18.42857143,0,0,0,0,"1,651,429",0.00
TH 25/4 𝐄𝐋𝐄𝐆𝐀𝐍𝐓 𝐀𝐄𝐒𝐓𝐇𝐄𝐓𝐈𝐂𝐒 LAL new - ib - Op -1000k,New Hallure 05,5/4/2024,TH 25/4 𝐄𝐋𝐄𝐆𝐀𝐍𝐓 𝐀𝐄𝐒𝐓𝐇𝐄𝐓𝐈𝐂𝐒 LAL new - ib - Op -1000k,VND,11229,inactive,500000,Daily,,,"43,523.26",,5.81,,258,5/4/2024,5/4/2024,HEMADR001_CO,*Maica Dress,1450000,TH 25/4 𝐄𝐋𝐄𝐆𝐀𝐍𝐓 𝐀𝐄𝐒𝐓𝐇𝐄𝐓𝐈𝐂𝐒 LAL new,45416TH 25/4 𝐄𝐋𝐄𝐆𝐀𝐍𝐓 𝐀𝐄𝐒𝐓𝐇𝐄𝐓𝐈𝐂𝐒 LAL new - ib - Op -1000k#4,0.07,*Maica Dress,802,"35,714",0,0,0,,"3,109",0,0.4152823921,0,0,18.42857143,0,0,0,0,"1,651,429",0.00
TH 25/4 𝐄𝐋𝐄𝐆𝐀𝐍𝐓 𝐀𝐄𝐒𝐓𝐇𝐄𝐓𝐈𝐂𝐒 LAL new - ib - Op -1000k,New Hallure 05,5/4/2024,TH 25/4 𝐄𝐋𝐄𝐆𝐀𝐍𝐓 𝐀𝐄𝐒𝐓𝐇𝐄𝐓𝐈𝐂𝐒 LAL new - ib - Op -1000k,VND,11229,inactive,500000,Daily,,,"43,523.26",,5.81,,258,5/4/2024,5/4/2024,HEMADR002_HP,*Mauve Dress 2,1550000,TH 25/4 𝐄𝐋𝐄𝐆𝐀𝐍𝐓 𝐀𝐄𝐒𝐓𝐇𝐄𝐓𝐈𝐂𝐒 LAL new,45416TH 25/4 𝐄𝐋𝐄𝐆𝐀𝐍𝐓 𝐀𝐄𝐒𝐓𝐇𝐄𝐓𝐈𝐂𝐒 LAL new - ib - Op -1000k#4,0.07,*Mauve Dress 2,802,"35,714",0,0,0,,"3,109",0,0.4152823921,0,0,18.42857143,0,0,0,0,"1,651,429",0.00
TH 25/4 𝐄𝐋𝐄𝐆𝐀𝐍𝐓 𝐀𝐄𝐒𝐓𝐇𝐄𝐓𝐈𝐂𝐒 LAL new - ib - Op -1000k,New Hallure 05,5/4/2024,TH 25/4 𝐄𝐋𝐄𝐆𝐀𝐍𝐓 𝐀𝐄𝐒𝐓𝐇𝐄𝐓𝐈𝐂𝐒 LAL new - ib - Op -1000k,VND,11229,inactive,500000,Daily,,,"43,523.26",,5.81,,258,5/4/2024,5/4/2024,HEBNDR001_DT,*Benny Dress,1600000,TH 25/4 𝐄𝐋𝐄𝐆𝐀𝐍𝐓 𝐀𝐄𝐒𝐓𝐇𝐄𝐓𝐈𝐂𝐒 LAL new,45416TH 25/4 𝐄𝐋𝐄𝐆𝐀𝐍𝐓 𝐀𝐄𝐒𝐓𝐇𝐄𝐓𝐈𝐂𝐒 LAL new - ib - Op -1000k#4,0.07,*Benny Dress,802,"35,714",0,0,0,,"3,109",0,0.4152823921,0,0,18.42857143,0,0,0,0,"1,651,429",0.00
TH 25/4 𝐄𝐋𝐄𝐆𝐀𝐍𝐓 𝐀𝐄𝐒𝐓𝐇𝐄𝐓𝐈𝐂𝐒 LAL new - ib - Op -1000k,New Hallure 05,5/4/2024,TH 25/4 𝐄𝐋𝐄𝐆𝐀𝐍𝐓 𝐀𝐄𝐒𝐓𝐇𝐄𝐓𝐈𝐂𝐒 LAL new - ib - Op -1000k,VND,11229,inactive,500000,Daily,,,"43,523.26",,5.81,,258,5/4/2024,5/4/2024,HEMIDR004_DE,*Missy Dress 2,1550000,TH 25/4 𝐄𝐋𝐄𝐆𝐀𝐍𝐓 𝐀𝐄𝐒𝐓𝐇𝐄𝐓𝐈𝐂𝐒 LAL new,45416TH 25/4 𝐄𝐋𝐄𝐆𝐀𝐍𝐓 𝐀𝐄𝐒𝐓𝐇𝐄𝐓𝐈𝐂𝐒 LAL new - ib - Op -1000k#4,0.07,*Missy Dress 2,802,"35,714",0,0,0,,"3,109",0,0.4152823921,0,0,18.42857143,0,0,0,0,"1,651,429",0.00
TH 25/4 𝐄𝐋𝐄𝐆𝐀𝐍𝐓 𝐀𝐄𝐒𝐓𝐇𝐄𝐓𝐈𝐂𝐒 LAL new - ib - Op -1000k,New Hallure 05,5/4/2024,TH 25/4 𝐄𝐋𝐄𝐆𝐀𝐍𝐓 𝐀𝐄𝐒𝐓𝐇𝐄𝐓𝐈𝐂𝐒 LAL new - ib - Op -1000k,VND,11229,inactive,500000,Daily,,,"43,523.26",,5.81,,258,5/4/2024,5/4/2024,HELADR001_HP,**Lana Dress,1570000,TH 25/4 𝐄𝐋𝐄𝐆𝐀𝐍𝐓 𝐀𝐄𝐒𝐓𝐇𝐄𝐓𝐈𝐂𝐒 LAL new,45416TH 25/4 𝐄𝐋𝐄𝐆𝐀𝐍𝐓 𝐀𝐄𝐒𝐓𝐇𝐄𝐓𝐈𝐂𝐒 LAL new - ib - Op -1000k#4,0.07,**Lana Dress,802,"35,714",0,0,0,,"3,109",0,0.4152823921,0,0,18.42857143,0,0,0,0,"1,651,429",0.00
TH 25/4 𝐄𝐋𝐄𝐆𝐀𝐍𝐓 𝐀𝐄𝐒𝐓𝐇𝐄𝐓𝐈𝐂𝐒 LAL new - ib - Op -1000k,New Hallure 05,5/4/2024,TH 25/4 𝐄𝐋𝐄𝐆𝐀𝐍𝐓 𝐀𝐄𝐒𝐓𝐇𝐄𝐓𝐈𝐂𝐒 LAL new - ib - Op -1000k,VND,11229,inactive,500000,Daily,,,"43,523.26",,5.81,,258,5/4/2024,5/4/2024,HESLDR001_DE,*Shelly Dress,1550000,TH 25/4 𝐄𝐋𝐄𝐆𝐀𝐍𝐓 𝐀𝐄𝐒𝐓𝐇𝐄𝐓𝐈𝐂𝐒 LAL new,45416TH 25/4 𝐄𝐋𝐄𝐆𝐀𝐍𝐓 𝐀𝐄𝐒𝐓𝐇𝐄𝐓𝐈𝐂𝐒 LAL new - ib - Op -1000k#4,0.07,*Shelly Dress,802,"35,714",0,0,0,,"3,109",0,0.4152823921,0,0,18.42857143,0,0,0,0,"1,651,429",0.00
TH 25/4 𝐄𝐋𝐄𝐆𝐀𝐍𝐓 𝐀𝐄𝐒𝐓𝐇𝐄𝐓𝐈𝐂𝐒 LAL new - ib - Op -1000k,New Hallure 05,5/4/2024,TH 25/4 𝐄𝐋𝐄𝐆𝐀𝐍𝐓 𝐀𝐄𝐒𝐓𝐇𝐄𝐓𝐈𝐂𝐒 LAL new - ib - Op -1000k,VND,11229,inactive,500000,Daily,,,"43,523.26",,5.81,,258,5/4/2024,5/4/2024,HENRSE001_KV,*Nora Set,1800000,TH 25/4 𝐄𝐋𝐄𝐆𝐀𝐍𝐓 𝐀𝐄𝐒𝐓𝐇𝐄𝐓𝐈𝐂𝐒 LAL new,45416TH 25/4 𝐄𝐋𝐄𝐆𝐀𝐍𝐓 𝐀𝐄𝐒𝐓𝐇𝐄𝐓𝐈𝐂𝐒 LAL new - ib - Op -1000k#4,0.07,*Nora Set,802,"35,714",0,0,0,,"3,109",0,0.4152823921,0,0,18.42857143,0,0,0,0,"1,651,429",0.00
TH 25/4 𝐄𝐋𝐄𝐆𝐀𝐍𝐓 𝐀𝐄𝐒𝐓𝐇𝐄𝐓𝐈𝐂𝐒 LAL new - ib - Op -1000k,New Hallure 05,5/4/2024,TH 25/4 𝐄𝐋𝐄𝐆𝐀𝐍𝐓 𝐀𝐄𝐒𝐓𝐇𝐄𝐓𝐈𝐂𝐒 LAL new - ib - Op -1000k,VND,11229,inactive,500000,Daily,,,"43,523.26",,5.81,,258,5/4/2024,5/4/2024,HEMYSE001_HP,*Miya Set,1750000,TH 25/4 𝐄𝐋𝐄𝐆𝐀𝐍𝐓 𝐀𝐄𝐒𝐓𝐇𝐄𝐓𝐈𝐂𝐒 LAL new,45416TH 25/4 𝐄𝐋𝐄𝐆𝐀𝐍𝐓 𝐀𝐄𝐒𝐓𝐇𝐄𝐓𝐈𝐂𝐒 LAL new - ib - Op -1000k#4,0.07,*Miya Set,802,"35,714",0,0,0,,"3,109",0,0.4152823921,0,0,18.42857143,0,0,0,0,"1,651,429",0.00
TH 25/4 𝐄𝐋𝐄𝐆𝐀𝐍𝐓 𝐀𝐄𝐒𝐓𝐇𝐄𝐓𝐈𝐂𝐒 LAL new - ib - Op -1000k,New Hallure 05,5/4/2024,TH 25/4 𝐄𝐋𝐄𝐆𝐀𝐍𝐓 𝐀𝐄𝐒𝐓𝐇𝐄𝐓𝐈𝐂𝐒 LAL new - ib - Op -1000k,VND,11229,inactive,500000,Daily,,,"43,523.26",,5.81,,258,5/4/2024,5/4/2024,HETLSE001_DE,*Tully Set,1850000,TH 25/4 𝐄𝐋𝐄𝐆𝐀𝐍𝐓 𝐀𝐄𝐒𝐓𝐇𝐄𝐓𝐈𝐂𝐒 LAL new,45416TH 25/4 𝐄𝐋𝐄𝐆𝐀𝐍𝐓 𝐀𝐄𝐒𝐓𝐇𝐄𝐓𝐈𝐂𝐒 LAL new - ib - Op -1000k#4,0.07,*Tully Set,802,"35,714",0,0,0,,"3,109",0,0.4152823921,0,0,18.42857143,0,0,0,0,"1,651,429",0.00
TH 25/4 𝐄𝐋𝐄𝐆𝐀𝐍𝐓 𝐀𝐄𝐒𝐓𝐇𝐄𝐓𝐈𝐂𝐒 LAL new - ib - Op -1000k,New Hallure 05,5/4/2024,TH 25/4 𝐄𝐋𝐄𝐆𝐀𝐍𝐓 𝐀𝐄𝐒𝐓𝐇𝐄𝐓𝐈𝐂𝐒 LAL new - ib - Op -1000k,VND,11229,inactive,500000,Daily,,,"43,523.26",,5.81,,258,5/4/2024,5/4/2024,HEAMSE001_HP,*Amity Set,1800000,TH 25/4 𝐄𝐋𝐄𝐆𝐀𝐍𝐓 𝐀𝐄𝐒𝐓𝐇𝐄𝐓𝐈𝐂𝐒 LAL new,45416TH 25/4 𝐄𝐋𝐄𝐆𝐀𝐍𝐓 𝐀𝐄𝐒𝐓𝐇𝐄𝐓𝐈𝐂𝐒 LAL new - ib - Op -1000k#4,0.07,*Amity Set,802,"35,714",0,0,0,,"3,109",0,0.4152823921,0,0,18.42857143,0,0,0,0,"1,651,429",0.00
TH 25/4 𝐄𝐋𝐄𝐆𝐀𝐍𝐓 𝐀𝐄𝐒𝐓𝐇𝐄𝐓𝐈𝐂𝐒 LAL new - ib - Op -1000k,New Hallure 05,5/4/2024,TH 25/4 𝐄𝐋𝐄𝐆𝐀𝐍𝐓 𝐀𝐄𝐒𝐓𝐇𝐄𝐓𝐈𝐂𝐒 LAL new - ib - Op -1000k,VND,11229,inactive,500000,Daily,,,"43,523.26",,5.81,,258,5/4/2024,5/4/2024,HEMRSE001_VC,*Maryn Set,1750000,TH 25/4 𝐄𝐋𝐄𝐆𝐀𝐍𝐓 𝐀𝐄𝐒𝐓𝐇𝐄𝐓𝐈𝐂𝐒 LAL new,45416TH 25/4 𝐄𝐋𝐄𝐆𝐀𝐍𝐓 𝐀𝐄𝐒𝐓𝐇𝐄𝐓𝐈𝐂𝐒 LAL new - ib - Op -1000k#4,0.07,*Maryn Set,802,"35,714",0,0,0,,"3,109",0,0.4152823921,0,0,18.42857143,0,0,0,0,"1,651,429",0.00
TH 25/4 𝐄𝐋𝐄𝐆𝐀𝐍𝐓 𝐀𝐄𝐒𝐓𝐇𝐄𝐓𝐈𝐂𝐒 LAL new - ib - Op -1000k,New Hallure 05,5/4/2024,TH 25/4 𝐄𝐋𝐄𝐆𝐀𝐍𝐓 𝐀𝐄𝐒𝐓𝐇𝐄𝐓𝐈𝐂𝐒 LAL new - ib - Op -1000k,VND,11229,inactive,500000,Daily,,,"43,523.26",,5.81,,258,5/4/2024,5/4/2024,HEMSSE005_DO,*Massie Set 5,1800000,TH 25/4 𝐄𝐋𝐄𝐆𝐀𝐍𝐓 𝐀𝐄𝐒𝐓𝐇𝐄𝐓𝐈𝐂𝐒 LAL new,45416TH 25/4 𝐄𝐋𝐄𝐆𝐀𝐍𝐓 𝐀𝐄𝐒𝐓𝐇𝐄𝐓𝐈𝐂𝐒 LAL new - ib - Op -1000k#4,0.07,*Massie Set 5,802,"35,714",0,0,0,,"3,109",0,0.4152823921,0,0,18.42857143,0,0,0,0,"1,651,429",0.00
TH 25/4 𝐄𝐋𝐄𝐆𝐀𝐍𝐓 𝐀𝐄𝐒𝐓𝐇𝐄𝐓𝐈𝐂𝐒 LAL new - ib - Op -1000k,New Hallure 05,5/5/2024,TH 25/4 𝐄𝐋𝐄𝐆𝐀𝐍𝐓 𝐀𝐄𝐒𝐓𝐇𝐄𝐓𝐈𝐂𝐒 LAL new - ib - Op -1000k,VND,344405,inactive,500000,Daily,3,,"52,806.65","9,308.24",7.74,1,6522,5/5/2024,5/5/2024,HELSDR001_DT,*Luisa Dress,1550000,TH 25/4 𝐄𝐋𝐄𝐆𝐀𝐍𝐓 𝐀𝐄𝐒𝐓𝐇𝐄𝐓𝐈𝐂𝐒 LAL new,45417TH 25/4 𝐄𝐋𝐄𝐆𝐀𝐍𝐓 𝐀𝐄𝐒𝐓𝐇𝐄𝐓𝐈𝐂𝐒 LAL new - ib - Op -1000k#5,0.07,*Luisa Dress,"24,600","35,714",0.2142857143,0,0.2142857143,"114,802","3,772",665,0.553073115,0.07142857143,0.1428571429,465.8571429,0,1,0,1,"1,651,429",0.00
TH 25/4 𝐄𝐋𝐄𝐆𝐀𝐍𝐓 𝐀𝐄𝐒𝐓𝐇𝐄𝐓𝐈𝐂𝐒 LAL new - ib - Op -1000k,New Hallure 05,5/5/2024,TH 25/4 𝐄𝐋𝐄𝐆𝐀𝐍𝐓 𝐀𝐄𝐒𝐓𝐇𝐄𝐓𝐈𝐂𝐒 LAL new - ib - Op -1000k,VND,344405,inactive,500000,Daily,3,,"52,806.65","9,308.24",7.74,1,6522,5/5/2024,5/5/2024,HEMIDR001_LC,**Mimei Dress,1550000,TH 25/4 𝐄𝐋𝐄𝐆𝐀𝐍𝐓 𝐀𝐄𝐒𝐓𝐇𝐄𝐓𝐈𝐂𝐒 LAL new,45417TH 25/4 𝐄𝐋𝐄𝐆𝐀𝐍𝐓 𝐀𝐄𝐒𝐓𝐇𝐄𝐓𝐈𝐂𝐒 LAL new - ib - Op -1000k#5,0.07,**Mimei Dress,"24,600","35,714",0.2142857143,0,0.2142857143,"114,802","3,772",665,0.553073115,0.07142857143,0.1428571429,465.8571429,0,1,0,1,"1,651,429",0.00
TH 25/4 𝐄𝐋𝐄𝐆𝐀𝐍𝐓 𝐀𝐄𝐒𝐓𝐇𝐄𝐓𝐈𝐂𝐒 LAL new - ib - Op -1000k,New Hallure 05,5/5/2024,TH 25/4 𝐄𝐋𝐄𝐆𝐀𝐍𝐓 𝐀𝐄𝐒𝐓𝐇𝐄𝐓𝐈𝐂𝐒 LAL new - ib - Op -1000k,VND,344405,inactive,500000,Daily,3,,"52,806.65","9,308.24",7.74,1,6522,5/5/2024,5/5/2024,HEMADR001_CO,*Maica Dress,1450000,TH 25/4 𝐄𝐋𝐄𝐆𝐀𝐍𝐓 𝐀𝐄𝐒𝐓𝐇𝐄𝐓𝐈𝐂𝐒 LAL new,45417TH 25/4 𝐄𝐋𝐄𝐆𝐀𝐍𝐓 𝐀𝐄𝐒𝐓𝐇𝐄𝐓𝐈𝐂𝐒 LAL new - ib - Op -1000k#5,0.07,*Maica Dress,"24,600","35,714",0.2142857143,0,0.2142857143,"114,802","3,772",665,0.553073115,0.07142857143,0.1428571429,465.8571429,0,1,0,1,"1,651,429",0.00
TH 25/4 𝐄𝐋𝐄𝐆𝐀𝐍𝐓 𝐀𝐄𝐒𝐓𝐇𝐄𝐓𝐈𝐂𝐒 LAL new - ib - Op -1000k,New Hallure 05,5/5/2024,TH 25/4 𝐄𝐋𝐄𝐆𝐀𝐍𝐓 𝐀𝐄𝐒𝐓𝐇𝐄𝐓𝐈𝐂𝐒 LAL new - ib - Op -1000k,VND,344405,inactive,500000,Daily,3,,"52,806.65","9,308.24",7.74,1,6522,5/5/2024,5/5/2024,HEMADR002_HP,*Mauve Dress 2,1550000,TH 25/4 𝐄𝐋𝐄𝐆𝐀𝐍𝐓 𝐀𝐄𝐒𝐓𝐇𝐄𝐓𝐈𝐂𝐒 LAL new,45417TH 25/4 𝐄𝐋𝐄𝐆𝐀𝐍𝐓 𝐀𝐄𝐒𝐓𝐇𝐄𝐓𝐈𝐂𝐒 LAL new - ib - Op -1000k#5,0.07,*Mauve Dress 2,"24,600","35,714",0.2142857143,0,0.2142857143,"114,802","3,772",665,0.553073115,0.07142857143,0.1428571429,465.8571429,0,1,0,1,"1,651,429",0.00
TH 25/4 𝐄𝐋𝐄𝐆𝐀𝐍𝐓 𝐀𝐄𝐒𝐓𝐇𝐄𝐓𝐈𝐂𝐒 LAL new - ib - Op -1000k,New Hallure 05,5/5/2024,TH 25/4 𝐄𝐋𝐄𝐆𝐀𝐍𝐓 𝐀𝐄𝐒𝐓𝐇𝐄𝐓𝐈𝐂𝐒 LAL new - ib - Op -1000k,VND,344405,inactive,500000,Daily,3,,"52,806.65","9,308.24",7.74,1,6522,5/5/2024,5/5/2024,HEBNDR001_DT,*Benny Dress,1600000,TH 25/4 𝐄𝐋𝐄𝐆𝐀𝐍𝐓 𝐀𝐄𝐒𝐓𝐇𝐄𝐓𝐈𝐂𝐒 LAL new,45417TH 25/4 𝐄𝐋𝐄𝐆𝐀𝐍𝐓 𝐀𝐄𝐒𝐓𝐇𝐄𝐓𝐈𝐂𝐒 LAL new - ib - Op -1000k#5,0.07,*Benny Dress,"24,600","35,714",0.2142857143,0,0.2142857143,"114,802","3,772",665,0.553073115,0.07142857143,0.1428571429,465.8571429,1,1,1,1,"1,651,429","1,600,000.00"
TH 25/4 𝐄𝐋𝐄𝐆𝐀𝐍𝐓 𝐀𝐄𝐒𝐓𝐇𝐄𝐓𝐈𝐂𝐒 LAL new - ib - Op -1000k,New Hallure 05,5/5/2024,TH 25/4 𝐄𝐋𝐄𝐆𝐀𝐍𝐓 𝐀𝐄𝐒𝐓𝐇𝐄𝐓𝐈𝐂𝐒 LAL new - ib - Op -1000k,VND,344405,inactive,500000,Daily,3,,"52,806.65","9,308.24",7.74,1,6522,5/5/2024,5/5/2024,HEMIDR004_DE,*Missy Dress 2,1550000,TH 25/4 𝐄𝐋𝐄𝐆𝐀𝐍𝐓 𝐀𝐄𝐒𝐓𝐇𝐄𝐓𝐈𝐂𝐒 LAL new,45417TH 25/4 𝐄𝐋𝐄𝐆𝐀𝐍𝐓 𝐀𝐄𝐒𝐓𝐇𝐄𝐓𝐈𝐂𝐒 LAL new - ib - Op -1000k#5,0.07,*Missy Dress 2,"24,600","35,714",0.2142857143,0,0.2142857143,"114,802","3,772",665,0.553073115,0.07142857143,0.1428571429,465.8571429,0,1,0,1,"1,651,429",0.00
TH 25/4 𝐄𝐋𝐄𝐆𝐀𝐍𝐓 𝐀𝐄𝐒𝐓𝐇𝐄𝐓𝐈𝐂𝐒 LAL new - ib - Op -1000k,New Hallure 05,5/5/2024,TH 25/4 𝐄𝐋𝐄𝐆𝐀𝐍𝐓 𝐀𝐄𝐒𝐓𝐇𝐄𝐓𝐈𝐂𝐒 LAL new - ib - Op -1000k,VND,344405,inactive,500000,Daily,3,,"52,806.65","9,308.24",7.74,1,6522,5/5/2024,5/5/2024,HELADR001_HP,**Lana Dress,1570000,TH 25/4 𝐄𝐋𝐄𝐆𝐀𝐍𝐓 𝐀𝐄𝐒𝐓𝐇𝐄𝐓𝐈𝐂𝐒 LAL new,45417TH 25/4 𝐄𝐋𝐄𝐆𝐀𝐍𝐓 𝐀𝐄𝐒𝐓𝐇𝐄𝐓𝐈𝐂𝐒 LAL new - ib - Op -1000k#5,0.07,**Lana Dress,"24,600","35,714",0.2142857143,0,0.2142857143,"114,802","3,772",665,0.553073115,0.07142857143,0.1428571429,465.8571429,0,1,0,1,"1,651,429",0.00
TH 25/4 𝐄𝐋𝐄𝐆𝐀𝐍𝐓 𝐀𝐄𝐒𝐓𝐇𝐄𝐓𝐈𝐂𝐒 LAL new - ib - Op -1000k,New Hallure 05,5/5/2024,TH 25/4 𝐄𝐋𝐄𝐆𝐀𝐍𝐓 𝐀𝐄𝐒𝐓𝐇𝐄𝐓𝐈𝐂𝐒 LAL new - ib - Op -1000k,VND,344405,inactive,500000,Daily,3,,"52,806.65","9,308.24",7.74,1,6522,5/5/2024,5/5/2024,HESLDR001_DE,*Shelly Dress,1550000,TH 25/4 𝐄𝐋𝐄𝐆𝐀𝐍𝐓 𝐀𝐄𝐒𝐓𝐇𝐄𝐓𝐈𝐂𝐒 LAL new,45417TH 25/4 𝐄𝐋𝐄𝐆𝐀𝐍𝐓 𝐀𝐄𝐒𝐓𝐇𝐄𝐓𝐈𝐂𝐒 LAL new - ib - Op -1000k#5,0.07,*Shelly Dress,"24,600","35,714",0.2142857143,0,0.2142857143,"114,802","3,772",665,0.553073115,0.07142857143,0.1428571429,465.8571429,0,1,0,1,"1,651,429",0.00
TH 25/4 𝐄𝐋𝐄𝐆𝐀𝐍𝐓 𝐀𝐄𝐒𝐓𝐇𝐄𝐓𝐈𝐂𝐒 LAL new - ib - Op -1000k,New Hallure 05,5/5/2024,TH 25/4 𝐄𝐋𝐄𝐆𝐀𝐍𝐓 𝐀𝐄𝐒𝐓𝐇𝐄𝐓𝐈𝐂𝐒 LAL new - ib - Op -1000k,VND,344405,inactive,500000,Daily,3,,"52,806.65","9,308.24",7.74,1,6522,5/5/2024,5/5/2024,HENRSE001_KV,*Nora Set,1800000,TH 25/4 𝐄𝐋𝐄𝐆𝐀𝐍𝐓 𝐀𝐄𝐒𝐓𝐇𝐄𝐓𝐈𝐂𝐒 LAL new,45417TH 25/4 𝐄𝐋𝐄𝐆𝐀𝐍𝐓 𝐀𝐄𝐒𝐓𝐇𝐄𝐓𝐈𝐂𝐒 LAL new - ib - Op -1000k#5,0.07,*Nora Set,"24,600","35,714",0.2142857143,0,0.2142857143,"114,802","3,772",665,0.553073115,0.07142857143,0.1428571429,465.8571429,0,1,0,1,"1,651,429",0.00
TH 25/4 𝐄𝐋𝐄𝐆𝐀𝐍𝐓 𝐀𝐄𝐒𝐓𝐇𝐄𝐓𝐈𝐂𝐒 LAL new - ib - Op -1000k,New Hallure 05,5/5/2024,TH 25/4 𝐄𝐋𝐄𝐆𝐀𝐍𝐓 𝐀𝐄𝐒𝐓𝐇𝐄𝐓𝐈𝐂𝐒 LAL new - ib - Op -1000k,VND,344405,inactive,500000,Daily,3,,"52,806.65","9,308.24",7.74,1,6522,5/5/2024,5/5/2024,HEMYSE001_HP,*Miya Set,1750000,TH 25/4 𝐄𝐋𝐄𝐆𝐀𝐍𝐓 𝐀𝐄𝐒𝐓𝐇𝐄𝐓𝐈𝐂𝐒 LAL new,45417TH 25/4 𝐄𝐋𝐄𝐆𝐀𝐍𝐓 𝐀𝐄𝐒𝐓𝐇𝐄𝐓𝐈𝐂𝐒 LAL new - ib - Op -1000k#5,0.07,*Miya Set,"24,600","35,714",0.2142857143,0,0.2142857143,"114,802","3,772",665,0.553073115,0.07142857143,0.1428571429,465.8571429,0,1,0,1,"1,651,429",0.00
TH 25/4 𝐄𝐋𝐄𝐆𝐀𝐍𝐓 𝐀𝐄𝐒𝐓𝐇𝐄𝐓𝐈𝐂𝐒 LAL new - ib - Op -1000k,New Hallure 05,5/5/2024,TH 25/4 𝐄𝐋𝐄𝐆𝐀𝐍𝐓 𝐀𝐄𝐒𝐓𝐇𝐄𝐓𝐈𝐂𝐒 LAL new - ib - Op -1000k,VND,344405,inactive,500000,Daily,3,,"52,806.65","9,308.24",7.74,1,6522,5/5/2024,5/5/2024,HETLSE001_DE,*Tully Set,1850000,TH 25/4 𝐄𝐋𝐄𝐆𝐀𝐍𝐓 𝐀𝐄𝐒𝐓𝐇𝐄𝐓𝐈𝐂𝐒 LAL new,45417TH 25/4 𝐄𝐋𝐄𝐆𝐀𝐍𝐓 𝐀𝐄𝐒𝐓𝐇𝐄𝐓𝐈𝐂𝐒 LAL new - ib - Op -1000k#5,0.07,*Tully Set,"24,600","35,714",0.2142857143,0,0.2142857143,"114,802","3,772",665,0.553073115,0.07142857143,0.1428571429,465.8571429,0,1,0,1,"1,651,429",0.00
TH 25/4 𝐄𝐋𝐄𝐆𝐀𝐍𝐓 𝐀𝐄𝐒𝐓𝐇𝐄𝐓𝐈𝐂𝐒 LAL new - ib - Op -1000k,New Hallure 05,5/5/2024,TH 25/4 𝐄𝐋𝐄𝐆𝐀𝐍𝐓 𝐀𝐄𝐒𝐓𝐇𝐄𝐓𝐈𝐂𝐒 LAL new - ib - Op -1000k,VND,344405,inactive,500000,Daily,3,,"52,806.65","9,308.24",7.74,1,6522,5/5/2024,5/5/2024,HEAMSE001_HP,*Amity Set,1800000,TH 25/4 𝐄𝐋𝐄𝐆𝐀𝐍𝐓 𝐀𝐄𝐒𝐓𝐇𝐄𝐓𝐈𝐂𝐒 LAL new,45417TH 25/4 𝐄𝐋𝐄𝐆𝐀𝐍𝐓 𝐀𝐄𝐒𝐓𝐇𝐄𝐓𝐈𝐂𝐒 LAL new - ib - Op -1000k#5,0.07,*Amity Set,"24,600","35,714",0.2142857143,0,0.2142857143,"114,802","3,772",665,0.553073115,0.07142857143,0.1428571429,465.8571429,0,1,0,1,"1,651,429",0.00
TH 25/4 𝐄𝐋𝐄𝐆𝐀𝐍𝐓 𝐀𝐄𝐒𝐓𝐇𝐄𝐓𝐈𝐂𝐒 LAL new - ib - Op -1000k,New Hallure 05,5/5/2024,TH 25/4 𝐄𝐋𝐄𝐆𝐀𝐍𝐓 𝐀𝐄𝐒𝐓𝐇𝐄𝐓𝐈𝐂𝐒 LAL new - ib - Op -1000k,VND,344405,inactive,500000,Daily,3,,"52,806.65","9,308.24",7.74,1,6522,5/5/2024,5/5/2024,HEMRSE001_VC,*Maryn Set,1750000,TH 25/4 𝐄𝐋𝐄𝐆𝐀𝐍𝐓 𝐀𝐄𝐒𝐓𝐇𝐄𝐓𝐈𝐂𝐒 LAL new,45417TH 25/4 𝐄𝐋𝐄𝐆𝐀𝐍𝐓 𝐀𝐄𝐒𝐓𝐇𝐄𝐓𝐈𝐂𝐒 LAL new - ib - Op -1000k#5,0.07,*Maryn Set,"24,600","35,714",0.2142857143,0,0.2142857143,"114,802","3,772",665,0.553073115,0.07142857143,0.1428571429,465.8571429,0,1,0,1,"1,651,429",0.00
TH 25/4 𝐄𝐋𝐄𝐆𝐀𝐍𝐓 𝐀𝐄𝐒𝐓𝐇𝐄𝐓𝐈𝐂𝐒 LAL new - ib - Op -1000k,New Hallure 05,5/5/2024,TH 25/4 𝐄𝐋𝐄𝐆𝐀𝐍𝐓 𝐀𝐄𝐒𝐓𝐇𝐄𝐓𝐈𝐂𝐒 LAL new - ib - Op -1000k,VND,344405,inactive,500000,Daily,3,,"52,806.65","9,308.24",7.74,1,6522,5/5/2024,5/5/2024,HEMSSE005_DO,*Massie Set 5,1800000,TH 25/4 𝐄𝐋𝐄𝐆𝐀𝐍𝐓 𝐀𝐄𝐒𝐓𝐇𝐄𝐓𝐈𝐂𝐒 LAL new,45417TH 25/4 𝐄𝐋𝐄𝐆𝐀𝐍𝐓 𝐀𝐄𝐒𝐓𝐇𝐄𝐓𝐈𝐂𝐒 LAL new - ib - Op -1000k#5,0.07,*Massie Set 5,"24,600","35,714",0.2142857143,0,0.2142857143,"114,802","3,772",665,0.553073115,0.07142857143,0.1428571429,465.8571429,0,1,0,1,"1,651,429",0.00
TH 25/4 𝐄𝐋𝐄𝐆𝐀𝐍𝐓 𝐀𝐄𝐒𝐓𝐇𝐄𝐓𝐈𝐂𝐒 LAL new - ib - Op -1000k,New Hallure 05,5/6/2024,TH 25/4 𝐄𝐋𝐄𝐆𝐀𝐍𝐓 𝐀𝐄𝐒𝐓𝐇𝐄𝐓𝐈𝐂𝐒 LAL new - ib - Op -1000k,VND,"172,702",inactive,300000,Daily,2,1.00,"675,408,682.00","9,594,555,556.00","821,274,932.00",,2557,5/6/2024,5/6/2024,HELSDR001_DT,*Luisa Dress,1550000,TH 25/4 𝐄𝐋𝐄𝐆𝐀𝐍𝐓 𝐀𝐄𝐒𝐓𝐇𝐄𝐓𝐈𝐂𝐒 LAL new,45418TH 25/4 𝐄𝐋𝐄𝐆𝐀𝐍𝐓 𝐀𝐄𝐒𝐓𝐇𝐄𝐓𝐈𝐂𝐒 LAL new - ib - Op -1000k#6,0.07,*Luisa Dress,"12,336","35,714",0.1428571429,0.07142857143,0.2142857143,"57,567","48,243,477","685,325,397",58662495.14,0,0.1428571429,182.6428571,1,1,1,2,"1,651,429","1,550,000.00"
TH 25/4 𝐄𝐋𝐄𝐆𝐀𝐍𝐓 𝐀𝐄𝐒𝐓𝐇𝐄𝐓𝐈𝐂𝐒 LAL new - ib - Op -1000k,New Hallure 05,5/6/2024,TH 25/4 𝐄𝐋𝐄𝐆𝐀𝐍𝐓 𝐀𝐄𝐒𝐓𝐇𝐄𝐓𝐈𝐂𝐒 LAL new - ib - Op -1000k,VND,"172,702",inactive,300000,Daily,2,1.00,"675,408,682.00","9,594,555,556.00","821,274,932.00",,2557,5/6/2024,5/6/2024,HEMIDR001_LC,**Mimei Dress,1550000,TH 25/4 𝐄𝐋𝐄𝐆𝐀𝐍𝐓 𝐀𝐄𝐒𝐓𝐇𝐄𝐓𝐈𝐂𝐒 LAL new,45418TH 25/4 𝐄𝐋𝐄𝐆𝐀𝐍𝐓 𝐀𝐄𝐒𝐓𝐇𝐄𝐓𝐈𝐂𝐒 LAL new - ib - Op -1000k#6,0.07,**Mimei Dress,"12,336","21,429",0.1428571429,0.07142857143,0.2142857143,"57,567","48,243,477","685,325,397",58662495.14,0,0.1428571429,182.6428571,0,1,0,2,"1,651,429",0.00
TH 25/4 𝐄𝐋𝐄𝐆𝐀𝐍𝐓 𝐀𝐄𝐒𝐓𝐇𝐄𝐓𝐈𝐂𝐒 LAL new - ib - Op -1000k,New Hallure 05,5/6/2024,TH 25/4 𝐄𝐋𝐄𝐆𝐀𝐍𝐓 𝐀𝐄𝐒𝐓𝐇𝐄𝐓𝐈𝐂𝐒 LAL new - ib - Op -1000k,VND,"172,702",inactive,300000,Daily,2,1.00,"675,408,682.00","9,594,555,556.00","821,274,932.00",,2557,5/6/2024,5/6/2024,HEMADR001_CO,*Maica Dress,1450000,TH 25/4 𝐄𝐋𝐄𝐆𝐀𝐍𝐓 𝐀𝐄𝐒𝐓𝐇𝐄𝐓𝐈𝐂𝐒 LAL new,45418TH 25/4 𝐄𝐋𝐄𝐆𝐀𝐍𝐓 𝐀𝐄𝐒𝐓𝐇𝐄𝐓𝐈𝐂𝐒 LAL new - ib - Op -1000k#6,0.07,*Maica Dress,"12,336","21,429",0.1428571429,0.07142857143,0.2142857143,"57,567","48,243,477","685,325,397",58662495.14,0,0.1428571429,182.6428571,1,1,1,2,"1,651,429","1,450,000.00"
TH 25/4 𝐄𝐋𝐄𝐆𝐀𝐍𝐓 𝐀𝐄𝐒𝐓𝐇𝐄𝐓𝐈𝐂𝐒 LAL new - ib - Op -1000k,New Hallure 05,5/6/2024,TH 25/4 𝐄𝐋𝐄𝐆𝐀𝐍𝐓 𝐀𝐄𝐒𝐓𝐇𝐄𝐓𝐈𝐂𝐒 LAL new - ib - Op -1000k,VND,"172,702",inactive,300000,Daily,2,1.00,"675,408,682.00","9,594,555,556.00","821,274,932.00",,2557,5/6/2024,5/6/2024,HEMADR002_HP,*Mauve Dress 2,1550000,TH 25/4 𝐄𝐋𝐄𝐆𝐀𝐍𝐓 𝐀𝐄𝐒𝐓𝐇𝐄𝐓𝐈𝐂𝐒 LAL new,45418TH 25/4 𝐄𝐋𝐄𝐆𝐀𝐍𝐓 𝐀𝐄𝐒𝐓𝐇𝐄𝐓𝐈𝐂𝐒 LAL new - ib - Op -1000k#6,0.07,*Mauve Dress 2,"12,336","21,429",0.1428571429,0.07142857143,0.2142857143,"57,567","48,243,477","685,325,397",58662495.14,0,0.1428571429,182.6428571,0,1,0,2,"1,651,429",0.00
TH 25/4 𝐄𝐋𝐄𝐆𝐀𝐍𝐓 𝐀𝐄𝐒𝐓𝐇𝐄𝐓𝐈𝐂𝐒 LAL new - ib - Op -1000k,New Hallure 05,5/6/2024,TH 25/4 𝐄𝐋𝐄𝐆𝐀𝐍𝐓 𝐀𝐄𝐒𝐓𝐇𝐄𝐓𝐈𝐂𝐒 LAL new - ib - Op -1000k,VND,"172,702",inactive,300000,Daily,2,1.00,"675,408,682.00","9,594,555,556.00","821,274,932.00",,2557,5/6/2024,5/6/2024,HEBNDR001_DT,*Benny Dress,1600000,TH 25/4 𝐄𝐋𝐄𝐆𝐀𝐍𝐓 𝐀𝐄𝐒𝐓𝐇𝐄𝐓𝐈𝐂𝐒 LAL new,45418TH 25/4 𝐄𝐋𝐄𝐆𝐀𝐍𝐓 𝐀𝐄𝐒𝐓𝐇𝐄𝐓𝐈𝐂𝐒 LAL new - ib - Op -1000k#6,0.07,*Benny Dress,"12,336","21,429",0.1428571429,0.07142857143,0.2142857143,"57,567","48,243,477","685,325,397",58662495.14,0,0.1428571429,182.6428571,0,1,0,2,"1,651,429",0.00
TH 25/4 𝐄𝐋𝐄𝐆𝐀𝐍𝐓 𝐀𝐄𝐒𝐓𝐇𝐄𝐓𝐈𝐂𝐒 LAL new - ib - Op -1000k,New Hallure 05,5/6/2024,TH 25/4 𝐄𝐋𝐄𝐆𝐀𝐍𝐓 𝐀𝐄𝐒𝐓𝐇𝐄𝐓𝐈𝐂𝐒 LAL new - ib - Op -1000k,VND,"172,702",inactive,300000,Daily,2,1.00,"675,408,682.00","9,594,555,556.00","821,274,932.00",,2557,5/6/2024,5/6/2024,HEMIDR004_DE,*Missy Dress 2,1550000,TH 25/4 𝐄𝐋𝐄𝐆𝐀𝐍𝐓 𝐀𝐄𝐒𝐓𝐇𝐄𝐓𝐈𝐂𝐒 LAL new,45418TH 25/4 𝐄𝐋𝐄𝐆𝐀𝐍𝐓 𝐀𝐄𝐒𝐓𝐇𝐄𝐓𝐈𝐂𝐒 LAL new - ib - Op -1000k#6,0.07,*Missy Dress 2,"12,336","21,429",0.1428571429,0.07142857143,0.2142857143,"57,567","48,243,477","685,325,397",58662495.14,0,0.1428571429,182.6428571,0,1,0,2,"1,651,429",0.00
TH 25/4 𝐄𝐋𝐄𝐆𝐀𝐍𝐓 𝐀𝐄𝐒𝐓𝐇𝐄𝐓𝐈𝐂𝐒 LAL new - ib - Op -1000k,New Hallure 05,5/6/2024,TH 25/4 𝐄𝐋𝐄𝐆𝐀𝐍𝐓 𝐀𝐄𝐒𝐓𝐇𝐄𝐓𝐈𝐂𝐒 LAL new - ib - Op -1000k,VND,"172,702",inactive,300000,Daily,2,1.00,"675,408,682.00","9,594,555,556.00","821,274,932.00",,2557,5/6/2024,5/6/2024,HELADR001_HP,**Lana Dress,1570000,TH 25/4 𝐄𝐋𝐄𝐆𝐀𝐍𝐓 𝐀𝐄𝐒𝐓𝐇𝐄𝐓𝐈𝐂𝐒 LAL new,45418TH 25/4 𝐄𝐋𝐄𝐆𝐀𝐍𝐓 𝐀𝐄𝐒𝐓𝐇𝐄𝐓𝐈𝐂𝐒 LAL new - ib - Op -1000k#6,0.07,**Lana Dress,"12,336","21,429",0.1428571429,0.07142857143,0.2142857143,"57,567","48,243,477","685,325,397",58662495.14,0,0.1428571429,182.6428571,0,1,0,2,"1,651,429",0.00
TH 25/4 𝐄𝐋𝐄𝐆𝐀𝐍𝐓 𝐀𝐄𝐒𝐓𝐇𝐄𝐓𝐈𝐂𝐒 LAL new - ib - Op -1000k,New Hallure 05,5/6/2024,TH 25/4 𝐄𝐋𝐄𝐆𝐀𝐍𝐓 𝐀𝐄𝐒𝐓𝐇𝐄𝐓𝐈𝐂𝐒 LAL new - ib - Op -1000k,VND,"172,702",inactive,300000,Daily,2,1.00,"675,408,682.00","9,594,555,556.00","821,274,932.00",,2557,5/6/2024,5/6/2024,HESLDR001_DE,*Shelly Dress,1550000,TH 25/4 𝐄𝐋𝐄𝐆𝐀𝐍𝐓 𝐀𝐄𝐒𝐓𝐇𝐄𝐓𝐈𝐂𝐒 LAL new,45418TH 25/4 𝐄𝐋𝐄𝐆𝐀𝐍𝐓 𝐀𝐄𝐒𝐓𝐇𝐄𝐓𝐈𝐂𝐒 LAL new - ib - Op -1000k#6,0.07,*Shelly Dress,"12,336","21,429",0.1428571429,0.07142857143,0.2142857143,"57,567","48,243,477","685,325,397",58662495.14,0,0.1428571429,182.6428571,0,1,0,2,"1,651,429",0.00
TH 25/4 𝐄𝐋𝐄𝐆𝐀𝐍𝐓 𝐀𝐄𝐒𝐓𝐇𝐄𝐓𝐈𝐂𝐒 LAL new - ib - Op -1000k,New Hallure 05,5/6/2024,TH 25/4 𝐄𝐋𝐄𝐆𝐀𝐍𝐓 𝐀𝐄𝐒𝐓𝐇𝐄𝐓𝐈𝐂𝐒 LAL new - ib - Op -1000k,VND,172702,inactive,300000,Daily,2,1.00,"675,408,682.00","9,594,555,556.00","821,274,932.00",,2557,5/6/2024,5/6/2024,HENRSE001_KV,*Nora Set,1800000,TH 25/4 𝐄𝐋𝐄𝐆𝐀𝐍𝐓 𝐀𝐄𝐒𝐓𝐇𝐄𝐓𝐈𝐂𝐒 LAL new,45418TH 25/4 𝐄𝐋𝐄𝐆𝐀𝐍𝐓 𝐀𝐄𝐒𝐓𝐇𝐄𝐓𝐈𝐂𝐒 LAL new - ib - Op -1000k#6,0.07,*Nora Set,"12,336","21,429",0.1428571429,0.07142857143,0.2142857143,"57,567","48,243,477","685,325,397",58662495.14,0,0.1428571429,182.6428571,0,1,0,2,"1,651,429",0.00
TH 25/4 𝐄𝐋𝐄𝐆𝐀𝐍𝐓 𝐀𝐄𝐒𝐓𝐇𝐄𝐓𝐈𝐂𝐒 LAL new - ib - Op -1000k,New Hallure 05,5/6/2024,TH 25/4 𝐄𝐋𝐄𝐆𝐀𝐍𝐓 𝐀𝐄𝐒𝐓𝐇𝐄𝐓𝐈𝐂𝐒 LAL new - ib - Op -1000k,VND,172702,inactive,300000,Daily,2,1.00,"675,408,682.00","9,594,555,556.00","821,274,932.00",,2557,5/6/2024,5/6/2024,HEMYSE001_HP,*Miya Set,1750000,TH 25/4 𝐄𝐋𝐄𝐆𝐀𝐍𝐓 𝐀𝐄𝐒𝐓𝐇𝐄𝐓𝐈𝐂𝐒 LAL new,45418TH 25/4 𝐄𝐋𝐄𝐆𝐀𝐍𝐓 𝐀𝐄𝐒𝐓𝐇𝐄𝐓𝐈𝐂𝐒 LAL new - ib - Op -1000k#6,0.07,*Miya Set,"12,336","21,429",0.1428571429,0.07142857143,0.2142857143,"57,567","48,243,477","685,325,397",58662495.14,0,0.1428571429,182.6428571,0,1,0,2,"1,651,429",0.00
TH 25/4 𝐄𝐋𝐄𝐆𝐀𝐍𝐓 𝐀𝐄𝐒𝐓𝐇𝐄𝐓𝐈𝐂𝐒 LAL new - ib - Op -1000k,New Hallure 05,5/6/2024,TH 25/4 𝐄𝐋𝐄𝐆𝐀𝐍𝐓 𝐀𝐄𝐒𝐓𝐇𝐄𝐓𝐈𝐂𝐒 LAL new - ib - Op -1000k,VND,172702,inactive,300000,Daily,2,1.00,"675,408,682.00","9,594,555,556.00","821,274,932.00",,2557,5/6/2024,5/6/2024,HETLSE001_DE,*Tully Set,1850000,TH 25/4 𝐄𝐋𝐄𝐆𝐀𝐍𝐓 𝐀𝐄𝐒𝐓𝐇𝐄𝐓𝐈𝐂𝐒 LAL new,45418TH 25/4 𝐄𝐋𝐄𝐆𝐀𝐍𝐓 𝐀𝐄𝐒𝐓𝐇𝐄𝐓𝐈𝐂𝐒 LAL new - ib - Op -1000k#6,0.07,*Tully Set,"12,336","21,429",0.1428571429,0.07142857143,0.2142857143,"57,567","48,243,477","685,325,397",58662495.14,0,0.1428571429,182.6428571,0,1,0,2,"1,651,429",0.00
TH 25/4 𝐄𝐋𝐄𝐆𝐀𝐍𝐓 𝐀𝐄𝐒𝐓𝐇𝐄𝐓𝐈𝐂𝐒 LAL new - ib - Op -1000k,New Hallure 05,5/6/2024,TH 25/4 𝐄𝐋𝐄𝐆𝐀𝐍𝐓 𝐀𝐄𝐒𝐓𝐇𝐄𝐓𝐈𝐂𝐒 LAL new - ib - Op -1000k,VND,172702,inactive,300000,Daily,2,1.00,"675,408,682.00","9,594,555,556.00","821,274,932.00",,2557,5/6/2024,5/6/2024,HEAMSE001_HP,*Amity Set,1800000,TH 25/4 𝐄𝐋𝐄𝐆𝐀𝐍𝐓 𝐀𝐄𝐒𝐓𝐇𝐄𝐓𝐈𝐂𝐒 LAL new,45418TH 25/4 𝐄𝐋𝐄𝐆𝐀𝐍𝐓 𝐀𝐄𝐒𝐓𝐇𝐄𝐓𝐈𝐂𝐒 LAL new - ib - Op -1000k#6,0.07,*Amity Set,"12,336","21,429",0.1428571429,0.07142857143,0.2142857143,"57,567","48,243,477","685,325,397",58662495.14,0,0.1428571429,182.6428571,0,1,0,2,"1,651,429",0.00
TH 25/4 𝐄𝐋𝐄𝐆𝐀𝐍𝐓 𝐀𝐄𝐒𝐓𝐇𝐄𝐓𝐈𝐂𝐒 LAL new - ib - Op -1000k,New Hallure 05,5/6/2024,TH 25/4 𝐄𝐋𝐄𝐆𝐀𝐍𝐓 𝐀𝐄𝐒𝐓𝐇𝐄𝐓𝐈𝐂𝐒 LAL new - ib - Op -1000k,VND,172702,inactive,300000,Daily,2,1.00,"675,408,682.00","9,594,555,556.00","821,274,932.00",,2557,5/6/2024,5/6/2024,HEMRSE001_VC,*Maryn Set,1750000,TH 25/4 𝐄𝐋𝐄𝐆𝐀𝐍𝐓 𝐀𝐄𝐒𝐓𝐇𝐄𝐓𝐈𝐂𝐒 LAL new,45418TH 25/4 𝐄𝐋𝐄𝐆𝐀𝐍𝐓 𝐀𝐄𝐒𝐓𝐇𝐄𝐓𝐈𝐂𝐒 LAL new - ib - Op -1000k#6,0.07,*Maryn Set,"12,336","21,429",0.1428571429,0.07142857143,0.2142857143,"57,567","48,243,477","685,325,397",58662495.14,0,0.1428571429,182.6428571,0,1,0,2,"1,651,429",0.00
TH 25/4 𝐄𝐋𝐄𝐆𝐀𝐍𝐓 𝐀𝐄𝐒𝐓𝐇𝐄𝐓𝐈𝐂𝐒 LAL new - ib - Op -1000k,New Hallure 05,5/6/2024,TH 25/4 𝐄𝐋𝐄𝐆𝐀𝐍𝐓 𝐀𝐄𝐒𝐓𝐇𝐄𝐓𝐈𝐂𝐒 LAL new - ib - Op -1000k,VND,172702,inactive,300000,Daily,2,1.00,"675,408,682.00","9,594,555,556.00","821,274,932.00",,2557,5/6/2024,5/6/2024,HEMSSE005_DO,*Massie Set 5,1800000,TH 25/4 𝐄𝐋𝐄𝐆𝐀𝐍𝐓 𝐀𝐄𝐒𝐓𝐇𝐄𝐓𝐈𝐂𝐒 LAL new,45418TH 25/4 𝐄𝐋𝐄𝐆𝐀𝐍𝐓 𝐀𝐄𝐒𝐓𝐇𝐄𝐓𝐈𝐂𝐒 LAL new - ib - Op -1000k#6,0.07,*Massie Set 5,"12,336","21,429",0.1428571429,0.07142857143,0.2142857143,"57,567","48,243,477","685,325,397",58662495.14,0,0.1428571429,182.6428571,0,1,0,2,"1,651,429",0.00